"","yardline_100","quarter_seconds_remaining","half_seconds_remaining","game_seconds_remaining","goal_to_go","ydstogo","ydsnet","yards_gained","shotgun","no_huddle","qb_dropback","qb_scramble","air_yards","yards_after_catch","score_differential","first_down_pass","incomplete_pass","interception","safety","jax_score","opp_score","jax_timeouts_remaining","opp_timeouts_remaining","side_of_field_MID","side_of_field_OPP","game_half_Half2","drive_Late","drive_Mid","qtr_2","qtr_3","qtr_4","down_2","down_3","down_4","pass_length_short","pass_location_middle","pass_location_right","td_team_1","td_team_2","Quality"
"1",76,856,1756,3556,0,11,75,8,1,0,1,0,7,1,0,0,0,0,0,0,0,3,3,0,1,0,0,0,0,0,0,1,0,0,1,0,1,0,0,2
"2",68,816,1716,3516,0,3,75,68,1,0,1,0,7,61,0,1,0,0,0,0,6,3,3,0,1,0,0,0,0,0,0,0,1,0,1,1,0,0,1,0
"3",79,704,1604,3404,0,10,70,42,1,0,1,0,23,19,7,1,0,0,0,0,7,3,3,0,1,0,0,0,0,0,0,0,0,0,0,0,1,0,0,0
"4",37,660,1560,3360,0,10,70,21,1,0,1,0,17,4,7,1,0,0,0,0,7,3,3,0,0,0,0,0,0,0,0,0,0,0,0,1,0,0,0,0
"5",11,582,1482,3282,0,5,70,2,1,0,1,0,1,1,7,0,0,0,0,0,7,3,3,0,0,0,0,0,0,0,0,1,0,0,1,0,1,0,0,3
"6",9,545,1445,3245,0,3,70,0,1,0,1,0,9,0,7,0,1,0,0,0,7,3,3,0,0,0,0,0,0,0,0,0,1,0,1,0,0,0,0,4
"7",85,313,1213,3013,0,15,80,13,1,0,1,0,5,8,3,0,0,0,0,7,10,3,3,0,1,0,0,0,0,0,0,0,0,0,1,0,1,0,0,1
"8",57,203,1103,2903,0,8,80,8,1,0,1,0,9,-1,3,1,0,0,0,7,10,3,3,0,1,0,0,0,0,0,0,1,0,0,1,0,1,0,0,1
"9",49,165,1065,2865,0,10,80,49,0,0,1,0,22,27,3,1,0,0,0,7,16,3,3,0,0,0,0,0,0,0,0,0,0,0,0,0,1,0,1,0
"10",75,696,696,2496,0,10,68,41,0,0,1,0,19,22,7,1,0,0,0,10,17,3,3,0,1,0,0,1,1,0,0,0,0,0,0,0,0,0,0,0
"11",31,619,619,2419,0,7,68,22,1,0,1,0,5,17,7,1,0,0,0,10,17,3,3,0,0,0,0,1,1,0,0,1,0,0,1,0,0,0,0,0
"12",9,580,580,2380,1,9,68,0,1,0,1,0,9,0,7,0,1,0,0,10,17,3,3,0,0,0,0,1,1,0,0,0,0,0,1,0,0,0,0,4
"13",7,528,528,2328,1,7,68,0,1,0,1,0,0,0,7,0,0,0,0,10,17,3,3,0,0,0,0,1,1,0,0,0,1,0,1,0,0,0,0,4
"14",75,262,262,2062,0,10,47,18,0,0,1,0,-6,24,7,1,0,0,0,13,20,3,3,0,1,0,0,1,1,0,0,0,0,0,1,0,0,0,0,1
"15",57,221,221,2021,0,10,47,5,1,0,1,0,5,0,7,0,0,0,0,13,20,3,3,0,1,0,0,1,1,0,0,0,0,0,1,0,0,0,0,2
"16",44,120,120,1920,0,10,47,5,1,0,1,0,-5,10,7,0,0,0,0,13,20,3,3,0,0,0,0,1,1,0,0,0,0,0,1,0,1,0,0,2
"17",39,82,82,1882,0,5,47,8,0,0,1,0,-6,14,7,1,0,0,0,13,20,3,3,0,0,0,0,1,1,0,0,1,0,0,1,0,0,0,0,1
"18",31,50,50,1850,0,10,47,3,1,1,1,0,0,3,7,0,0,0,0,13,20,3,3,0,0,0,0,1,1,0,0,0,0,0,1,0,0,0,0,3
"19",28,45,45,1845,0,7,47,0,1,0,1,0,22,0,7,0,1,0,0,13,20,2,3,0,0,0,0,1,1,0,0,1,0,0,0,0,1,0,0,4
"20",28,33,33,1833,0,7,47,0,1,0,1,0,20,0,7,0,1,0,0,13,20,2,3,0,0,0,0,1,1,0,0,0,1,0,0,1,0,0,0,4
"21",59,496,1396,1396,0,9,60,8,1,0,1,0,3,5,10,0,0,0,0,13,23,3,3,0,1,1,0,1,0,1,0,1,0,0,1,0,1,0,0,2
"22",49,415,1315,1315,0,10,60,9,1,0,1,0,7,2,10,0,0,0,0,13,23,2,3,0,0,1,0,1,0,1,0,0,0,0,1,0,1,0,0,2
"23",38,297,1197,1197,0,10,60,12,1,0,1,0,4,8,10,1,0,0,0,13,23,2,3,0,0,1,0,1,0,1,0,1,0,0,1,1,0,0,0,1
"24",26,255,1155,1155,0,10,60,0,1,0,1,0,6,0,10,0,1,0,0,13,23,2,3,0,0,1,0,1,0,1,0,0,0,0,1,0,0,0,0,4
"25",16,230,1130,1130,0,10,60,15,1,0,1,0,-4,19,10,1,0,0,0,13,23,2,3,0,0,1,0,1,0,1,0,0,0,0,1,0,1,0,0,1
"26",1,185,1085,1085,1,1,60,-1,1,0,1,0,-3,2,10,0,0,0,0,13,23,2,3,0,0,1,0,1,0,1,0,0,0,0,1,1,0,0,0,4
"27",67,15,915,915,0,10,67,7,1,0,1,0,7,0,17,0,0,0,0,13,30,2,3,0,1,1,0,1,0,1,0,0,0,0,1,0,0,0,0,2
"28",17,725,725,725,0,1,67,0,1,0,1,0,0,0,17,0,1,0,0,13,30,2,3,0,0,1,0,1,0,0,1,1,0,0,1,0,1,0,0,4
"29",17,722,722,722,0,1,67,9,1,0,1,0,-2,11,17,1,0,0,0,13,30,2,3,0,0,1,0,1,0,0,1,0,1,0,1,0,1,0,0,1
"30",3,662,662,662,1,3,67,3,1,0,1,0,3,0,17,1,0,0,0,13,36,2,3,0,0,1,0,1,0,0,1,1,0,0,1,0,1,0,1,1
"31",44,368,368,368,0,8,-5,3,1,0,1,0,-2,5,18,0,0,0,0,19,37,2,3,0,0,1,1,0,0,0,1,0,1,0,1,0,0,0,0,3
"32",51,338,338,338,0,15,-5,0,1,0,1,0,0,0,18,0,1,0,0,19,37,2,3,0,1,1,1,0,0,0,1,0,1,0,1,0,0,0,0,4
"33",17,221,221,221,0,15,-5,0,1,0,1,0,-4,0,18,0,1,0,0,19,37,2,2,0,0,1,1,0,0,0,1,0,1,0,1,0,0,0,0,4
"34",77,690,1590,3390,0,4,9,0,0,0,1,0,6,0,0,0,1,0,0,0,0,3,3,0,1,0,0,0,0,0,0,1,0,0,1,0,1,0,0,4
"35",77,684,1584,3384,0,4,9,3,1,0,1,0,3,0,0,0,0,0,0,0,0,3,3,0,1,0,0,0,0,0,0,0,1,0,1,0,1,0,0,3
"36",92,549,1449,3249,0,10,71,6,1,0,1,0,3,3,0,0,0,0,0,0,0,3,3,0,1,0,0,0,0,0,0,0,0,0,1,1,0,0,0,2
"37",75,489,1389,3189,0,10,71,1,1,0,1,0,1,0,0,0,0,0,0,0,0,3,3,0,1,0,0,0,0,0,0,0,0,0,1,0,0,0,0,3
"38",67,408,1308,3108,0,2,71,6,1,0,1,0,5,1,0,1,0,0,0,0,0,3,3,0,1,0,0,0,0,0,0,0,1,0,1,0,1,0,0,2
"39",61,372,1272,3072,0,10,71,0,0,0,1,0,34,0,0,0,1,0,0,0,0,3,3,0,1,0,0,0,0,0,0,0,0,0,0,0,0,0,0,4
"40",53,323,1223,3023,0,2,71,3,1,0,1,0,2,1,0,1,0,0,0,0,0,3,3,0,1,0,0,0,0,0,0,0,1,0,1,0,1,0,0,2
"41",50,291,1191,2991,0,10,71,13,0,0,1,0,11,2,0,1,0,0,0,0,0,3,3,1,0,0,0,0,0,0,0,0,0,0,1,1,0,0,0,1
"42",33,213,1113,2913,0,6,71,7,1,0,1,0,7,0,0,1,0,0,0,0,0,3,3,0,0,0,0,0,0,0,0,1,0,0,1,0,1,0,0,1
"43",26,171,1071,2871,0,10,71,0,1,0,1,0,25,0,0,0,1,0,0,0,0,3,3,0,0,0,0,0,0,0,0,0,0,0,0,0,1,0,0,4
"44",21,122,1022,2822,0,5,71,0,1,0,1,0,21,0,0,0,1,0,0,0,0,3,3,0,0,0,0,0,0,0,0,0,1,0,0,0,1,0,0,4
"45",92,815,815,2615,0,10,23,28,1,0,1,0,26,2,3,1,0,0,0,0,3,3,3,0,1,0,0,0,1,0,0,0,0,0,0,0,1,0,0,0
"46",69,707,707,2507,0,15,23,0,1,0,1,0,22,0,3,0,1,0,0,0,3,3,3,0,1,0,0,0,1,0,0,0,1,0,0,0,0,0,0,4
"47",67,567,567,2367,0,10,-8,0,0,0,1,0,49,0,3,0,1,0,0,0,3,3,3,0,1,0,0,1,1,0,0,1,0,0,0,0,1,0,0,4
"48",61,134,134,1934,0,10,71,-1,1,0,1,0,-2,1,0,0,0,0,0,3,3,3,3,0,1,0,0,1,1,0,0,1,0,0,1,0,0,0,0,4
"49",67,120,120,1920,0,16,71,16,1,0,1,0,13,3,0,1,0,0,0,3,3,3,3,0,1,0,0,1,1,0,0,0,1,0,1,1,0,0,0,1
"50",46,51,51,1851,0,5,71,0,1,0,1,0,25,0,0,0,1,0,0,3,3,3,3,0,0,0,0,1,1,0,0,1,0,0,0,0,0,0,0,4
"51",46,46,46,1846,0,5,71,7,1,0,1,0,5,2,0,1,0,0,0,3,3,3,3,0,0,0,0,1,1,0,0,0,1,0,1,1,0,0,0,1
"52",35,16,16,1816,0,6,71,31,1,0,1,0,28,3,0,1,0,0,0,3,3,3,2,0,0,0,0,1,1,0,0,1,0,0,0,0,1,0,0,0
"53",4,9,9,1809,1,4,71,0,1,0,1,0,4,0,0,0,1,0,0,3,3,3,2,0,0,0,0,1,1,0,0,0,0,0,1,0,1,0,0,4
"54",80,900,1800,1800,0,15,15,14,0,0,1,0,13,1,3,0,0,0,0,3,6,3,3,0,1,1,0,1,0,1,0,0,0,0,1,1,0,0,0,1
"55",88,528,1428,1428,0,10,15,7,1,0,1,0,4,3,3,0,0,0,0,3,6,3,3,0,1,1,0,1,0,1,0,0,0,0,1,0,0,0,0,2
"56",76,464,1364,1364,0,10,15,0,1,0,1,0,16,0,3,0,1,0,0,3,6,3,3,0,1,1,0,1,0,1,0,0,0,0,0,0,1,0,0,4
"57",73,415,1315,1315,0,7,15,0,1,0,1,0,4,0,3,0,1,0,0,3,6,3,3,0,1,1,0,1,0,1,0,0,1,0,1,0,0,0,0,4
"58",78,861,861,861,0,14,30,0,1,0,1,0,10,0,3,0,1,0,0,3,6,3,3,0,1,1,1,0,0,0,1,1,0,0,1,0,1,0,0,4
"59",78,857,857,857,0,14,30,9,1,0,1,0,3,6,3,0,0,0,0,3,6,3,3,0,1,1,1,0,0,0,1,0,1,0,1,0,1,0,0,2
"60",11,779,779,779,0,10,11,0,0,0,1,0,3,0,3,0,1,0,0,3,6,3,3,0,0,1,1,0,0,0,1,0,0,0,1,0,1,0,0,4
"61",74,317,317,317,0,9,2,9,1,0,1,0,2,7,7,1,0,0,0,6,13,2,3,0,1,1,1,0,0,0,1,1,0,0,1,0,0,0,0,1
"62",64,245,245,245,0,9,2,0,1,0,1,0,28,0,7,0,1,0,0,6,13,2,3,0,1,1,1,0,0,0,1,1,0,0,0,0,1,0,0,4
"63",65,697,1597,3397,0,10,4,0,1,0,1,0,2,0,-7,0,1,0,0,7,0,3,3,0,1,0,0,0,0,0,0,0,0,0,1,0,0,0,0,4
"64",71,626,1526,3326,0,16,4,0,1,0,1,0,19,0,-7,0,1,0,0,7,0,3,3,0,1,0,0,0,0,0,0,0,1,0,0,0,0,0,0,4
"65",70,347,1247,3047,0,6,28,23,0,0,1,0,21,2,-14,1,0,0,0,14,0,3,3,0,1,0,0,0,0,0,0,1,0,0,0,0,1,0,0,0
"66",46,266,1166,2966,0,9,28,0,0,0,1,0,-4,4,-14,0,0,0,0,14,0,3,3,0,0,0,0,0,0,0,0,1,0,0,1,0,1,0,0,4
"67",46,219,1119,2919,0,9,28,0,1,0,1,0,19,0,-14,0,1,0,0,14,0,3,3,0,0,0,0,0,0,0,0,0,1,0,0,0,1,0,0,4
"68",56,94,994,2794,0,10,10,30,1,0,1,0,22,8,-14,1,0,0,0,14,0,3,3,0,1,0,0,1,0,0,0,0,0,0,0,0,1,0,0,0
"69",35,45,945,2745,0,19,10,0,0,0,1,0,9,0,-14,0,1,0,0,14,0,3,3,0,0,0,0,1,0,0,0,0,0,0,1,0,0,0,0,4
"70",63,653,653,2453,0,6,4,0,0,0,1,0,0,0,-14,0,1,0,0,14,0,3,3,0,1,0,0,1,1,0,0,1,0,0,1,0,0,0,0,4
"71",63,649,649,2449,0,6,4,0,1,0,1,0,7,0,-14,0,1,0,0,14,0,3,3,0,1,0,0,1,1,0,0,0,1,0,1,0,1,0,0,4
"72",79,478,478,2278,0,10,22,0,1,0,1,0,0,0,-14,0,1,0,0,14,0,3,3,0,1,0,0,1,1,0,0,0,0,0,1,0,1,0,0,4
"73",61,238,238,2038,0,15,22,4,1,0,1,0,6,-2,-14,0,0,0,0,14,0,2,3,0,1,0,0,1,1,0,0,0,0,0,1,0,0,0,0,2
"74",57,193,193,1993,0,11,22,3,1,0,1,0,2,1,-14,0,0,0,0,14,0,2,3,0,1,0,0,1,1,0,0,1,0,0,1,0,0,0,0,3
"75",59,143,143,1943,0,13,22,2,1,0,1,0,2,0,-14,0,0,0,0,14,0,2,3,0,1,0,0,1,1,0,0,0,1,0,1,0,1,0,0,3
"76",44,74,74,1874,0,10,-10,0,1,0,1,0,5,0,-14,0,1,0,0,14,0,2,2,0,0,0,0,1,1,0,0,0,0,0,1,0,1,0,0,4
"77",54,63,63,1863,0,20,-10,0,1,0,1,0,18,0,-14,0,1,0,0,14,0,2,2,0,1,0,0,1,1,0,0,1,0,0,0,0,1,0,0,4
"78",54,58,58,1858,0,20,-10,0,1,0,1,0,19,0,-14,0,1,0,0,14,0,2,2,0,1,0,0,1,1,0,0,0,1,0,0,0,1,0,0,4
"79",81,856,1756,1756,0,16,55,20,1,0,1,0,16,4,-14,1,0,0,0,14,0,3,3,0,1,1,1,0,0,1,0,1,0,0,0,1,0,0,0,0
"80",62,793,1693,1693,0,11,55,0,1,0,1,0,-5,0,-14,0,1,0,0,14,0,3,3,0,1,1,1,0,0,1,0,1,0,0,1,0,0,0,0,4
"81",62,785,1685,1685,0,11,55,47,1,0,1,0,42,5,-14,1,0,0,0,14,0,3,3,0,1,1,1,0,0,1,0,0,1,0,0,0,1,0,0,0
"82",11,700,1600,1600,0,6,55,0,0,0,1,0,11,0,-14,0,1,0,0,14,0,3,3,0,0,1,1,0,0,1,0,1,0,0,1,1,0,0,0,4
"83",11,696,1596,1596,0,6,55,0,1,0,1,0,11,0,-14,0,1,0,0,14,0,3,3,0,0,1,1,0,0,1,0,0,1,0,1,1,0,0,0,4
"84",64,312,1212,1212,0,10,28,10,1,0,1,0,10,0,-17,1,0,0,0,17,0,3,3,0,1,1,1,0,0,1,0,0,1,0,1,0,1,0,0,1
"85",53,236,1136,1136,0,9,28,0,1,0,1,0,28,0,-17,0,1,0,0,17,0,3,3,0,1,1,1,0,0,1,0,1,0,0,0,0,0,0,0,4
"86",53,230,1130,1130,0,9,28,13,1,0,1,0,13,0,-17,1,0,0,0,17,0,3,3,0,1,1,1,0,0,1,0,0,1,0,1,0,1,0,0,1
"87",41,149,1049,1049,0,11,28,2,1,0,1,0,2,0,-17,0,0,0,0,17,0,3,3,0,0,1,1,0,0,1,0,1,0,0,1,1,0,0,0,3
"88",66,886,886,886,0,10,66,29,1,0,1,0,12,17,-17,1,0,0,0,17,0,3,3,0,1,1,1,0,0,0,1,0,0,0,1,1,0,0,0,0
"89",44,823,823,823,0,17,66,8,1,1,1,0,7,1,-17,0,0,0,0,17,0,3,3,0,0,1,1,0,0,0,1,1,0,0,1,0,1,0,0,2
"90",36,792,792,792,0,9,66,11,1,1,1,0,11,0,-17,1,0,0,0,17,0,3,3,0,0,1,1,0,0,0,1,0,1,0,1,0,0,0,0,1
"91",25,769,769,769,0,10,66,14,1,0,1,0,11,3,-17,1,0,0,0,17,0,3,3,0,0,1,1,0,0,0,1,0,0,0,1,0,0,0,0,1
"92",68,429,429,429,0,3,-7,7,1,0,1,0,2,5,-13,1,0,0,0,20,7,3,3,0,1,1,1,0,0,0,1,1,0,0,1,1,0,0,0,1
"93",91,167,167,167,0,5,81,19,1,1,1,0,16,3,-13,1,0,0,0,20,7,3,0,0,1,1,1,0,0,0,1,1,0,0,0,0,1,0,0,1
"94",77,120,120,120,0,15,81,15,1,0,1,0,9,6,-13,1,0,0,0,20,7,3,0,0,1,1,1,0,0,0,1,1,0,0,1,0,0,0,0,1
"95",62,99,99,99,0,10,81,0,1,0,1,0,2,0,-13,0,1,0,0,20,7,3,0,0,1,1,1,0,0,0,1,0,0,0,1,0,0,0,0,4
"96",62,94,94,94,0,10,81,5,1,0,1,0,1,4,-13,0,0,0,0,20,7,3,0,0,1,1,1,0,0,0,1,1,0,0,1,1,0,0,0,2
"97",57,70,70,70,0,5,81,5,1,1,1,0,5,0,-13,1,0,0,0,20,7,3,0,0,1,1,1,0,0,0,1,0,1,0,1,0,1,0,0,2
"98",52,51,51,51,0,10,81,0,0,1,1,0,6,0,-13,0,1,0,0,20,7,3,0,0,1,1,1,0,0,0,1,0,0,0,1,0,1,0,0,4
"99",52,48,48,48,0,10,81,5,1,1,1,0,5,0,-13,0,0,0,0,20,7,3,0,0,1,1,1,0,0,0,1,1,0,0,1,1,0,0,0,2
"100",47,24,24,24,0,5,81,10,1,1,1,0,10,0,-13,1,0,0,0,20,7,3,0,0,0,1,1,0,0,0,1,0,1,0,1,0,0,0,0,1
"101",37,9,9,9,0,10,81,0,1,1,1,0,37,0,-13,0,1,0,0,20,7,3,0,0,0,1,1,0,0,0,1,0,0,0,0,0,0,0,0,4
"102",37,2,2,2,0,10,81,22,1,0,1,0,22,0,-13,1,0,0,0,20,7,3,0,0,0,1,1,0,0,0,1,1,0,0,0,1,0,0,0,0
"103",78,895,1795,3595,0,10,39,13,0,0,1,0,12,1,0,1,0,0,0,0,0,3,3,0,1,0,0,0,0,0,0,0,0,0,1,0,0,0,0,1
"104",63,816,1716,3516,0,8,39,5,1,0,1,0,5,0,0,0,0,0,0,0,0,3,3,0,1,0,0,0,0,0,0,1,0,0,1,0,1,0,0,2
"105",58,776,1676,3476,0,3,39,10,1,0,1,0,2,8,0,1,0,0,0,0,0,3,3,0,1,0,0,0,0,0,0,0,1,0,1,1,0,0,0,1
"106",48,737,1637,3437,0,10,39,0,1,0,1,0,33,0,0,0,1,0,0,0,0,3,3,0,0,0,0,0,0,0,0,0,0,0,0,0,0,0,0,4
"107",48,732,1632,3432,0,10,39,8,0,0,1,0,0,8,0,0,0,0,0,0,0,3,3,0,0,0,0,0,0,0,0,1,0,0,1,0,1,0,0,2
"108",25,508,1408,3208,0,10,53,25,0,0,1,0,-6,31,0,1,0,0,0,0,6,3,3,0,0,0,0,0,0,0,0,0,0,0,1,0,0,0,1,0
"109",70,151,1051,2851,0,6,-1,0,1,0,1,0,5,0,4,0,1,0,0,3,7,3,3,0,1,0,0,0,0,0,0,1,0,0,1,0,1,0,0,4
"110",70,146,1046,2846,0,6,-1,0,1,0,1,0,8,0,4,0,1,0,0,3,7,3,3,0,1,0,0,0,0,0,0,0,1,0,1,0,1,0,0,4
"111",66,31,931,2731,0,7,69,0,0,0,1,0,4,0,4,0,1,0,0,3,7,3,3,0,1,0,0,1,0,0,0,1,0,0,1,0,1,0,0,4
"112",66,27,927,2727,0,7,69,15,1,0,1,0,4,11,4,1,0,0,0,3,7,3,3,0,1,0,0,1,0,0,0,0,1,0,1,1,0,0,0,1
"113",51,900,900,2700,0,10,69,5,0,0,1,0,4,1,4,0,0,0,0,3,7,3,3,0,1,0,0,1,1,0,0,0,0,0,1,0,0,0,0,2
"114",46,867,867,2667,0,5,69,39,0,0,1,0,19,20,4,1,0,0,0,3,7,3,3,0,0,0,0,1,1,0,0,1,0,0,0,0,1,0,0,0
"115",7,823,823,2623,1,7,69,7,0,0,1,0,7,0,4,1,0,0,0,3,13,3,3,0,0,0,0,1,1,0,0,0,0,0,1,0,1,0,1,1
"116",93,715,715,2515,0,10,2,0,0,0,1,0,16,0,11,0,1,0,0,3,14,3,3,0,1,0,0,1,1,0,0,0,0,0,0,0,1,0,0,4
"117",91,670,670,2470,0,8,2,0,1,0,1,0,11,0,11,0,1,0,0,3,14,3,3,0,1,0,0,1,1,0,0,0,1,0,1,0,1,0,0,4
"118",53,415,415,2215,0,10,49,7,1,1,1,0,2,5,11,0,0,0,0,3,14,3,3,0,1,0,0,1,1,0,0,0,0,0,1,1,0,0,0,2
"119",46,374,374,2174,0,3,49,7,0,0,1,0,-3,10,11,1,0,0,0,3,14,3,3,0,0,0,0,1,1,0,0,1,0,0,1,0,1,0,0,1
"120",39,335,335,2135,0,10,49,0,1,1,1,0,23,0,11,0,1,0,0,3,14,3,3,0,0,0,0,1,1,0,0,0,0,0,0,0,1,0,0,4
"121",39,329,329,2129,0,10,49,28,1,0,1,0,26,2,11,1,0,0,0,3,14,3,3,0,0,0,0,1,1,0,0,1,0,0,0,0,1,0,0,0
"122",24,299,299,2099,0,23,49,9,1,0,1,0,1,8,11,0,0,0,0,3,14,3,3,0,0,0,0,1,1,0,0,1,0,0,1,0,0,0,0,2
"123",15,262,262,2062,0,14,49,0,1,0,1,0,-5,0,11,0,1,0,0,3,14,3,3,0,0,0,0,1,1,0,0,0,1,0,1,0,0,0,0,4
"124",67,82,82,1882,0,1,43,9,1,0,1,0,4,5,14,1,0,0,0,3,17,3,3,0,1,0,0,1,1,0,0,0,1,0,1,0,0,0,0,1
"125",43,74,74,1874,0,10,43,0,1,0,1,0,4,0,14,0,1,0,0,3,17,3,3,0,0,0,0,1,1,0,0,0,0,0,1,0,1,0,0,4
"126",43,70,70,1870,0,10,43,10,1,0,1,0,5,5,14,1,0,0,0,3,17,3,3,0,0,0,0,1,1,0,0,1,0,0,1,0,0,0,0,1
"127",33,65,65,1865,0,10,43,0,1,0,1,0,7,0,14,0,0,1,0,3,17,3,3,0,0,0,0,1,1,0,0,0,0,0,1,0,0,0,0,4
"128",80,235,1135,1135,0,10,6,6,0,0,1,0,6,0,4,0,0,0,0,13,17,3,3,0,1,1,1,0,0,1,0,1,0,0,1,1,0,0,0,2
"129",74,193,1093,1093,0,4,6,0,1,0,1,0,0,0,4,0,1,0,0,13,17,3,3,0,1,1,1,0,0,1,0,0,1,0,1,0,0,0,0,4
"130",58,33,933,933,0,8,17,0,0,0,1,0,5,0,-3,0,1,0,0,20,17,3,3,0,1,1,1,0,0,1,0,1,0,0,1,1,0,0,0,4
"131",58,28,928,928,0,8,17,0,1,0,1,0,5,0,-3,0,1,0,0,20,17,3,3,0,1,1,1,0,0,1,0,0,1,0,1,1,0,0,0,4
"132",64,689,689,689,0,10,22,20,0,0,1,0,-2,22,-3,1,0,0,0,20,17,3,3,0,1,1,1,0,0,0,1,0,0,0,1,0,0,0,0,0
"133",42,616,616,616,0,8,22,0,1,0,1,0,12,0,-3,0,1,0,0,20,17,3,3,0,0,1,1,0,0,0,1,1,0,0,1,1,0,0,0,4
"134",42,612,612,612,0,8,22,0,1,0,1,0,25,0,-3,0,1,0,0,20,17,3,3,0,0,1,1,0,0,0,1,0,1,0,0,0,1,0,0,4
"135",75,174,174,174,0,10,75,16,1,0,1,0,17,-1,-6,1,0,0,0,23,17,2,1,0,1,1,1,0,0,0,1,0,0,0,0,0,0,0,0,1
"136",59,146,146,146,0,10,75,27,1,1,1,0,17,10,-6,1,0,0,0,23,17,2,1,0,1,1,1,0,0,0,1,0,0,0,0,0,0,0,0,0
"137",32,120,120,120,0,10,75,2,1,0,1,0,-6,8,-6,0,0,0,0,23,17,2,1,0,0,1,1,0,0,0,1,0,0,0,1,0,1,0,0,3
"138",35,106,106,106,0,13,75,27,1,0,1,0,13,14,-6,1,0,0,0,23,17,2,1,0,0,1,1,0,0,0,1,1,0,0,1,1,0,0,0,0
"139",8,98,98,98,1,8,75,8,1,0,1,0,8,0,-6,1,0,0,0,23,23,2,1,0,0,1,1,0,0,0,1,0,0,0,1,1,0,0,1,1
"140",41,796,1696,3496,0,4,78,6,1,0,1,0,-3,9,0,1,0,0,0,0,0,3,3,0,0,0,0,0,0,0,0,1,0,0,1,1,0,0,0,2
"141",25,698,1598,3398,0,5,78,6,1,0,1,0,4,2,0,1,0,0,0,0,0,3,3,0,0,0,0,0,0,0,0,1,0,0,1,0,0,0,0,2
"142",19,658,1558,3358,0,10,78,4,1,0,1,0,3,1,0,0,0,0,0,0,0,3,3,0,0,0,0,0,0,0,0,0,0,0,1,1,0,0,0,2
"143",15,615,1515,3315,0,6,78,10,1,0,1,0,1,9,0,1,0,0,0,0,0,3,3,0,0,0,0,0,0,0,0,1,0,0,1,0,1,0,0,1
"144",75,447,1347,3147,0,10,11,7,0,0,1,0,0,7,0,0,0,0,0,7,7,3,3,0,1,0,0,0,0,0,0,0,0,0,1,0,1,0,0,2
"145",64,396,1296,3096,0,10,11,0,1,1,1,0,-9,0,0,0,1,0,0,7,7,3,3,0,1,0,0,0,0,0,0,0,0,0,1,0,1,0,0,4
"146",64,391,1291,3091,0,10,11,0,1,0,1,0,10,0,0,0,1,0,0,7,7,3,3,0,1,0,0,0,0,0,0,1,0,0,1,1,0,0,0,4
"147",64,388,1288,3088,0,10,11,0,1,0,1,0,6,0,0,0,1,0,0,7,7,3,3,0,1,0,0,0,0,0,0,0,1,0,1,0,0,0,0,4
"148",88,270,1170,2970,0,12,8,0,1,0,1,0,0,0,0,0,1,0,0,7,7,3,3,0,1,0,0,0,0,0,0,1,0,0,1,0,1,0,0,4
"149",88,267,1167,2967,0,12,8,10,1,1,1,0,10,0,0,0,0,0,0,7,7,3,3,0,1,0,0,0,0,0,0,0,1,0,1,0,1,0,0,1
"150",19,171,1071,2871,0,5,24,6,1,0,1,0,-2,8,0,1,0,0,0,7,7,3,3,0,0,0,0,1,0,0,0,1,0,0,1,0,0,0,0,2
"151",18,102,1002,2802,0,15,24,18,1,0,1,0,4,14,0,1,0,0,0,7,13,3,3,0,0,0,0,1,0,0,0,0,0,0,1,1,0,0,1,0
"152",61,641,641,2441,0,10,4,0,1,0,1,0,17,0,14,0,1,0,0,7,21,3,3,0,1,0,0,1,1,0,0,0,0,0,0,0,0,0,0,4
"153",57,597,597,2397,0,6,4,0,1,0,1,0,7,0,14,0,1,0,0,7,21,3,3,0,1,0,0,1,1,0,0,0,1,0,1,0,1,0,0,4
"154",76,285,285,2085,0,13,35,52,1,0,1,0,39,13,7,1,0,0,0,14,21,3,3,0,1,0,0,1,1,0,0,0,1,0,0,0,0,0,0,0
"155",36,225,225,2025,0,22,35,-2,1,0,1,0,-6,4,7,0,0,0,0,14,21,3,3,0,0,0,0,1,1,0,0,1,0,0,1,0,1,0,0,4
"156",38,186,186,1986,0,24,35,0,1,0,1,0,12,0,7,0,1,0,0,14,21,3,3,0,0,0,0,1,1,0,0,0,1,0,1,0,1,0,0,4
"157",74,49,49,1849,0,9,1,0,1,0,1,0,14,0,4,0,1,0,0,17,21,1,2,0,1,0,0,1,1,0,0,0,1,0,1,0,1,0,0,4
"158",71,589,1489,1489,0,6,47,0,1,0,1,0,-9,0,4,0,1,0,0,24,28,3,3,0,1,1,1,0,0,1,0,1,0,0,1,0,0,0,0,4
"159",71,584,1484,1484,0,6,47,17,1,0,1,0,1,16,4,1,0,0,0,24,28,3,3,0,1,1,1,0,0,1,0,0,1,0,1,0,0,0,0,1
"160",54,547,1447,1447,0,10,47,9,1,0,1,0,-6,15,4,0,0,0,0,24,28,3,3,0,1,1,1,0,0,1,0,0,0,0,1,0,1,0,0,2
"161",28,424,1324,1324,0,8,47,0,1,0,1,0,12,0,4,0,1,0,0,24,28,3,3,0,0,1,1,0,0,1,0,0,1,0,1,0,1,0,0,4
"162",92,137,1037,1037,0,8,87,9,1,0,1,0,9,0,4,1,0,0,0,24,28,3,3,0,1,1,1,0,0,1,0,1,0,0,1,0,1,0,0,1
"163",65,53,953,953,0,10,87,6,1,0,1,0,5,1,4,0,0,0,0,24,28,3,3,0,1,1,1,0,0,1,0,0,0,0,1,0,1,0,0,2
"164",36,877,877,877,0,3,87,0,0,1,1,0,3,0,4,0,1,0,0,24,28,3,3,0,0,1,1,0,0,0,1,1,0,0,1,0,1,0,0,4
"165",23,801,801,801,0,7,87,9,1,0,1,0,-1,10,4,1,0,0,0,24,28,3,3,0,0,1,1,0,0,0,1,1,0,0,1,0,1,0,0,1
"166",14,765,765,765,0,10,87,0,1,0,1,0,10,0,4,0,1,0,0,24,28,3,3,0,0,1,1,0,0,0,1,0,0,0,1,0,1,0,0,4
"167",5,726,726,726,0,1,87,0,0,0,1,0,0,0,4,0,1,0,0,24,28,3,3,0,0,1,1,0,0,0,1,0,1,0,1,0,1,0,0,4
"168",73,309,309,309,0,8,75,7,1,0,1,0,5,2,1,0,0,0,0,27,28,3,3,0,1,1,1,0,0,0,1,1,0,0,1,0,0,0,0,2
"169",66,269,269,269,0,1,75,7,1,0,1,0,6,1,1,1,0,0,0,27,28,3,3,0,1,1,1,0,0,0,1,0,1,0,1,1,0,0,0,1
"170",39,117,117,117,0,12,16,0,1,0,1,0,34,0,7,0,1,0,0,27,34,1,3,0,0,1,1,0,0,0,1,0,1,0,0,0,1,0,0,4
"171",75,900,1800,3600,0,10,24,8,1,0,1,0,-6,14,0,0,0,0,0,0,0,3,3,0,1,0,0,0,0,0,0,0,0,0,1,0,1,0,0,2
"172",67,870,1770,3570,0,2,24,8,1,0,1,0,8,0,0,1,0,0,0,0,0,3,3,0,1,0,0,0,0,0,0,1,0,0,1,0,0,0,0,1
"173",51,773,1673,3473,0,2,24,0,1,0,1,0,16,0,0,0,1,0,0,0,0,3,2,0,1,0,0,0,0,0,0,0,1,0,0,0,0,0,0,4
"174",70,604,1504,3304,0,10,26,9,1,0,1,0,-4,13,0,0,0,0,0,0,0,3,2,0,1,0,0,0,0,0,0,0,0,0,1,1,0,0,0,2
"175",59,529,1429,3229,0,10,26,0,1,0,1,0,0,0,0,0,1,0,0,0,0,3,2,0,1,0,0,0,0,0,0,0,0,0,1,1,0,0,0,4
"176",58,479,1379,3179,0,9,26,9,1,0,1,0,-4,13,0,1,0,0,0,0,0,3,2,0,1,0,0,0,0,0,0,0,1,0,1,0,0,0,0,1
"177",44,388,1288,3088,0,5,26,0,0,0,1,0,26,0,0,0,1,0,0,0,0,3,1,0,0,0,0,0,0,0,0,1,0,0,0,0,0,0,0,4
"178",44,378,1278,3078,0,5,26,0,1,0,1,0,3,0,0,0,1,0,0,0,0,3,1,0,0,0,0,0,0,0,0,0,1,0,1,0,1,0,0,4
"179",40,261,1161,2961,0,13,8,0,1,0,1,0,35,0,0,0,1,0,0,0,0,3,1,0,0,0,0,0,0,0,0,1,0,0,0,0,0,0,0,4
"180",40,256,1156,2956,0,13,8,13,1,0,1,0,13,0,0,1,0,0,0,0,0,3,1,0,0,0,0,0,0,0,0,0,1,0,1,0,1,0,0,1
"181",27,210,1110,2910,0,10,8,0,0,0,1,0,7,0,0,0,1,0,0,0,0,3,1,0,0,0,0,0,0,0,0,0,0,0,1,0,1,0,0,4
"182",27,201,1101,2901,0,10,8,-2,0,0,1,0,-3,1,0,0,0,0,0,0,0,3,1,0,0,0,0,0,0,0,0,1,0,0,1,0,0,0,0,4
"183",29,158,1058,2858,0,12,8,0,1,0,1,0,22,0,0,0,1,0,0,0,0,3,1,0,0,0,0,0,0,0,0,0,1,0,0,0,0,0,0,4
"184",83,30,930,2730,0,10,33,27,0,0,1,0,20,7,3,1,0,0,0,0,3,3,1,0,1,0,0,1,0,0,0,0,0,0,0,0,0,0,0,0
"185",56,865,865,2665,0,10,33,4,1,0,1,0,3,1,3,0,0,0,0,0,3,3,1,0,1,0,0,1,1,0,0,1,0,0,1,0,0,0,0,2
"186",52,839,839,2639,0,6,33,2,1,0,1,0,2,0,3,0,0,0,0,0,3,3,1,0,1,0,0,1,1,0,0,0,1,0,1,1,0,0,0,3
"187",84,641,641,2441,0,12,6,8,1,0,1,0,4,4,3,0,0,0,0,0,3,3,1,0,1,0,0,1,1,0,0,1,0,0,1,1,0,0,0,2
"188",76,596,596,2396,0,4,6,0,1,0,1,0,7,0,3,0,1,0,0,0,3,3,1,0,1,0,0,1,1,0,0,0,1,0,1,0,0,0,0,4
"189",77,156,156,1956,0,10,28,3,1,0,1,0,3,0,0,0,0,0,0,3,3,3,1,0,1,0,0,1,1,0,0,0,0,0,1,0,1,0,0,3
"190",74,130,130,1930,0,7,28,9,1,0,1,0,9,0,0,1,0,0,0,3,3,3,1,0,1,0,0,1,1,0,0,1,0,0,1,0,0,0,0,1
"191",65,120,120,1920,0,10,28,14,1,0,1,0,4,10,0,1,0,0,0,3,3,3,1,0,1,0,0,1,1,0,0,0,0,0,1,1,0,0,0,1
"192",63,75,75,1875,0,22,28,14,1,0,1,0,-6,20,0,0,0,0,0,3,3,2,1,0,1,0,0,1,1,0,0,0,1,0,1,0,0,0,0,1
"193",42,732,1632,1632,0,10,57,17,0,0,1,0,-5,22,0,0,0,0,0,3,3,3,3,0,0,1,0,1,0,1,0,0,0,0,1,0,0,0,0,1
"194",18,642,1542,1542,0,10,57,8,0,0,1,0,8,0,0,0,0,0,0,3,3,3,3,0,0,1,0,1,0,1,0,0,0,0,1,0,1,0,0,2
"195",6,560,1460,1460,1,6,57,0,1,0,1,0,2,0,0,0,1,0,0,3,3,3,3,0,0,1,0,1,0,1,0,0,0,0,1,0,1,0,0,4
"196",3,525,1425,1425,1,3,57,0,0,0,1,0,1,0,0,0,1,0,0,3,3,2,3,0,0,1,0,1,0,1,0,0,1,0,1,0,0,0,0,4
"197",85,164,1064,1064,0,20,75,26,0,0,1,0,14,12,0,1,0,0,0,6,6,2,3,0,1,1,1,0,0,1,0,0,0,0,1,0,0,0,0,0
"198",54,80,980,980,0,5,75,6,1,0,1,0,3,3,0,1,0,0,0,6,6,2,3,0,1,1,1,0,0,1,0,1,0,0,1,0,0,0,0,2
"199",44,900,900,900,0,6,75,0,1,0,1,0,3,0,0,0,1,0,0,6,6,2,3,0,0,1,1,0,0,0,1,1,0,0,1,0,0,0,0,4
"200",25,873,873,873,0,10,75,5,1,0,1,0,5,0,0,0,0,0,0,6,6,2,3,0,0,1,1,0,0,0,1,0,0,0,1,1,0,0,0,2
"201",20,835,835,835,0,5,75,12,1,0,1,0,5,7,0,1,0,0,0,6,6,2,3,0,0,1,1,0,0,0,1,1,0,0,1,0,0,0,0,1
"202",13,744,744,744,1,13,75,9,0,0,1,0,2,7,0,0,0,0,0,6,6,2,3,0,0,1,1,0,0,0,1,1,0,0,1,0,1,0,0,1
"203",4,713,713,713,1,4,75,4,1,0,1,0,0,4,0,1,0,0,0,6,12,2,3,0,0,1,1,0,0,0,1,0,1,0,1,1,0,0,1,1
"204",56,511,511,511,0,6,-2,0,1,0,1,0,4,0,7,0,1,0,0,6,13,1,3,0,1,1,1,0,0,0,1,1,0,0,1,1,0,0,0,4
"205",54,327,327,327,0,4,51,7,1,0,1,0,4,3,7,1,0,0,0,6,13,1,3,0,1,1,1,0,0,0,1,1,0,0,1,1,0,0,0,1
"206",38,199,199,199,0,1,51,20,0,0,1,0,8,12,7,1,0,0,0,6,13,1,2,0,0,1,1,0,0,0,1,0,1,0,1,0,0,0,0,0
"207",95,602,1502,3302,0,6,6,5,0,0,1,0,0,5,0,0,0,0,0,0,0,3,3,0,1,0,0,0,0,0,0,1,0,0,1,0,1,0,0,2
"208",53,394,1294,3094,0,10,12,12,1,0,1,0,1,11,0,1,0,0,0,0,0,3,3,0,1,0,0,0,0,0,0,0,0,0,1,1,0,0,0,1
"209",41,365,1265,3065,0,10,12,0,1,0,1,0,0,0,0,0,1,0,0,0,0,3,3,0,0,0,0,0,0,0,0,0,0,0,1,0,0,0,0,4
"210",41,361,1261,3061,0,10,12,0,1,0,1,0,0,0,0,0,1,0,0,0,0,3,3,0,0,0,0,0,0,0,0,1,0,0,1,0,1,0,0,4
"211",41,358,1258,3058,0,10,12,0,1,0,1,0,0,0,0,0,1,0,0,0,0,3,3,0,0,0,0,0,0,0,0,0,1,0,1,1,0,0,0,4
"212",50,133,1033,2833,0,17,-7,0,1,0,1,0,0,0,0,0,1,0,0,0,0,3,3,1,0,0,0,0,0,0,0,0,1,0,1,1,0,0,0,4
"213",86,728,728,2528,0,8,2,0,1,0,1,0,0,0,0,0,1,0,0,0,0,3,3,0,1,0,0,1,1,0,0,0,1,0,1,0,1,0,0,4
"214",74,365,365,2165,0,9,25,0,1,1,1,0,0,0,-3,0,1,0,0,3,0,3,2,0,1,0,0,1,1,0,0,1,0,0,1,1,0,0,0,4
"215",56,352,352,2152,0,10,25,0,0,0,1,0,41,0,-3,0,1,0,0,3,0,3,2,0,1,0,0,1,1,0,0,0,0,0,0,1,0,0,0,4
"216",56,346,346,2146,0,10,25,0,1,0,1,0,0,0,-3,0,1,0,0,3,0,3,2,0,1,0,0,1,1,0,0,1,0,0,1,0,0,0,0,4
"217",56,343,343,2143,0,10,25,6,1,0,1,0,0,6,-3,0,0,0,0,3,0,3,2,0,1,0,0,1,1,0,0,0,1,0,1,0,0,0,0,2
"218",80,134,134,1934,0,10,80,12,0,0,1,0,0,12,-3,1,0,0,0,3,0,3,2,0,1,0,0,1,1,0,0,0,0,0,1,0,1,0,0,1
"219",68,120,120,1920,0,10,80,48,1,0,1,0,16,32,-3,1,0,0,0,3,0,3,2,0,1,0,0,1,1,0,0,0,0,0,0,1,0,0,0,0
"220",28,102,102,1902,0,18,80,27,1,0,1,0,8,19,-3,1,0,0,0,3,0,2,2,0,0,0,0,1,1,0,0,1,0,0,1,0,1,0,0,0
"221",2,87,87,1887,1,2,80,2,1,0,1,0,0,2,-3,1,0,0,0,3,6,1,2,0,0,0,0,1,1,0,0,1,0,0,1,0,1,0,1,1
"222",51,3,3,1803,0,10,0,0,1,0,1,0,51,0,1,0,1,0,0,6,7,0,2,0,1,0,0,1,1,0,0,0,0,0,0,1,0,0,0,4
"223",74,868,1768,1768,0,9,28,0,1,0,1,0,32,0,1,0,1,0,0,6,7,3,3,0,1,1,1,0,0,1,0,1,0,0,0,0,0,0,0,4
"224",74,863,1763,1763,0,9,28,33,1,0,1,0,33,0,1,1,0,0,0,6,7,3,3,0,1,1,1,0,0,1,0,0,1,0,0,0,1,0,0,0
"225",53,809,1709,1709,0,22,28,6,1,0,1,0,-1,7,1,0,0,0,0,6,7,3,3,0,1,1,1,0,0,1,0,1,0,0,1,0,0,0,0,2
"226",75,371,1271,1271,0,10,-11,0,0,0,1,0,0,0,-2,0,1,0,0,9,7,3,3,0,1,1,1,0,0,1,0,1,0,0,1,0,0,0,0,4
"227",80,190,1090,1090,0,10,72,0,1,0,1,0,15,0,-2,0,1,0,0,9,7,3,3,0,1,1,1,0,0,1,0,0,0,0,1,0,0,0,0,4
"228",80,186,1086,1086,0,10,72,10,1,0,1,0,10,0,-2,1,0,0,0,9,7,3,3,0,1,1,1,0,0,1,0,1,0,0,1,0,1,0,0,1
"229",75,139,1039,1039,0,15,72,12,0,0,1,0,0,12,-2,0,0,0,0,9,7,3,3,0,1,1,1,0,0,1,0,0,0,0,1,0,1,0,0,1
"230",63,119,1019,1019,0,3,72,12,1,0,1,0,0,12,-2,1,0,0,0,9,7,3,3,0,1,1,1,0,0,1,0,1,0,0,1,1,0,0,0,1
"231",51,100,1000,1000,0,10,72,8,0,0,1,0,0,8,-2,0,0,0,0,9,7,3,3,0,1,1,1,0,0,1,0,0,0,0,1,0,1,0,0,2
"232",19,45,945,945,0,1,72,0,1,0,1,0,19,0,-2,0,1,0,0,9,7,3,3,0,0,1,1,0,0,1,0,1,0,0,0,0,1,0,0,4
"233",19,40,940,940,0,1,72,0,1,0,1,0,5,0,-2,0,1,0,0,9,7,3,3,0,0,1,1,0,0,1,0,0,1,0,1,0,0,0,0,4
"234",80,730,730,730,0,15,60,3,1,0,1,0,0,3,-7,0,0,0,0,17,10,3,3,0,1,1,1,0,0,0,1,1,0,0,1,0,1,0,0,3
"235",67,612,612,612,0,17,60,19,1,0,1,0,0,19,-7,1,0,0,0,17,10,3,3,0,1,1,1,0,0,0,1,0,1,0,1,0,0,0,0,1
"236",33,596,596,596,0,10,60,6,1,0,1,0,0,6,-7,0,0,0,0,17,10,3,3,0,0,1,1,0,0,0,1,0,0,0,1,1,0,0,0,2
"237",27,566,566,566,0,4,60,0,1,0,1,0,0,0,-7,0,1,0,0,17,10,3,3,0,0,1,1,0,0,0,1,1,0,0,1,0,0,0,0,4
"238",27,562,562,562,0,4,60,12,1,0,1,0,12,0,-7,1,0,0,0,17,10,3,3,0,0,1,1,0,0,0,1,0,1,0,1,1,0,0,0,1
"239",77,311,311,311,0,10,5,0,1,0,1,0,7,0,-7,0,1,0,0,17,10,3,3,0,1,1,1,0,0,0,1,0,0,0,1,0,1,0,0,4
"240",72,304,304,304,0,10,5,0,1,0,1,0,0,0,-7,0,0,0,0,17,10,3,3,0,1,1,1,0,0,0,1,0,0,0,1,1,0,0,0,4
"241",72,265,265,265,0,10,5,0,1,0,1,0,-5,0,-7,0,0,1,0,23,10,3,3,0,1,1,1,0,0,0,1,1,0,0,1,0,0,1,0,4
"242",41,250,250,250,0,10,0,0,1,0,1,0,13,0,-14,0,0,1,0,24,10,3,3,0,0,1,1,0,0,0,1,0,0,0,1,0,1,0,0,4
"243",69,110,110,110,0,10,69,0,1,0,1,0,7,0,-17,0,1,0,0,27,10,3,0,0,1,1,1,0,0,0,1,0,0,0,1,0,1,0,0,4
"244",69,106,106,106,0,10,69,4,1,0,1,0,7,-3,-17,0,0,0,0,27,10,3,0,0,1,1,1,0,0,0,1,1,0,0,1,0,1,0,0,2
"245",40,75,75,75,0,10,69,15,1,0,1,0,5,10,-17,1,0,0,0,27,10,3,0,0,0,1,1,0,0,0,1,0,0,0,1,0,1,0,0,1
"246",25,68,68,68,0,10,69,4,0,0,1,0,0,4,-17,0,0,0,0,27,10,3,0,0,0,1,1,0,0,0,1,0,0,0,1,0,1,0,0,2
"247",21,64,64,64,0,6,69,20,1,0,1,0,20,0,-17,1,0,0,0,27,10,3,0,0,0,1,1,0,0,0,1,1,0,0,0,0,1,0,0,0
"248",1,31,31,31,1,1,69,0,0,0,1,0,0,0,-17,0,1,0,0,27,10,3,0,0,0,1,1,0,0,0,1,1,0,0,1,1,0,0,0,4
"249",93,752,1652,3452,0,10,93,4,0,0,1,0,4,0,-6,0,0,0,0,6,0,3,3,0,1,0,0,0,0,0,0,0,0,0,1,1,0,0,0,2
"250",79,647,1547,3347,0,10,93,23,1,0,1,0,15,8,-6,1,0,0,0,6,0,3,3,0,1,0,0,0,0,0,0,0,0,0,1,1,0,0,0,0
"251",56,607,1507,3307,0,10,93,6,1,0,1,0,4,2,-6,0,0,0,0,6,0,3,3,0,1,0,0,0,0,0,0,0,0,0,1,0,0,0,0,2
"252",60,528,1428,3228,0,14,93,13,1,0,1,0,7,6,-6,0,0,0,0,6,0,3,3,0,1,0,0,0,0,0,0,1,0,0,1,0,1,0,0,1
"253",45,406,1306,3106,0,10,93,13,1,0,1,0,2,11,-6,1,0,0,0,6,0,3,3,0,0,0,0,0,0,0,0,0,0,0,1,0,0,0,0,1
"254",32,374,1274,3074,0,10,93,5,0,0,1,0,5,0,-6,0,0,0,0,6,0,3,3,0,0,0,0,0,0,0,0,0,0,0,1,0,1,0,0,2
"255",24,301,1201,3001,0,2,93,24,1,0,1,0,1,23,-6,1,0,0,0,6,6,3,3,0,0,0,0,0,0,0,0,0,1,0,1,0,1,0,1,0
"256",50,156,1056,2856,0,10,16,16,1,0,1,0,16,0,1,1,0,0,0,6,7,3,3,1,0,0,0,0,0,0,0,0,0,0,0,1,0,0,0,1
"257",34,129,1029,2829,0,10,16,0,0,0,1,0,7,0,1,0,0,1,0,6,7,3,3,0,0,0,0,0,0,0,0,0,0,0,1,0,0,0,0,4
"258",61,748,748,2548,0,8,-2,0,1,0,1,0,1,0,-6,0,1,0,0,13,7,3,3,0,1,0,0,1,1,0,0,1,0,0,1,0,1,0,0,4
"259",71,141,141,1941,0,6,-10,0,1,0,1,0,11,0,-9,0,1,0,0,16,7,3,3,0,1,0,0,1,1,0,0,1,0,0,1,0,1,0,0,4
"260",75,900,1800,1800,0,10,13,6,1,0,1,0,5,1,-12,0,0,0,0,19,7,3,3,0,1,1,0,1,0,1,0,0,0,0,1,0,1,0,0,2
"261",66,825,1725,1725,0,1,13,6,0,0,1,0,5,1,-12,1,0,0,0,19,7,3,3,0,1,1,0,1,0,1,0,0,1,0,1,0,1,0,0,2
"262",72,695,1595,1595,0,22,13,10,1,0,1,0,-6,16,-12,0,0,0,0,19,7,3,3,0,1,1,0,1,0,1,0,0,1,0,1,0,1,0,0,1
"263",67,413,1313,1313,0,10,-3,0,1,0,1,0,0,0,-12,0,1,0,0,19,7,3,3,0,1,1,1,0,0,1,0,0,0,0,1,0,1,0,0,4
"264",75,131,1031,1031,0,10,75,16,0,0,1,0,4,12,-15,1,0,0,0,22,7,3,3,0,1,1,1,0,0,1,0,0,0,0,1,0,1,0,0,1
"265",56,56,956,956,0,7,75,9,1,0,1,0,9,0,-15,1,0,0,0,22,7,3,3,0,1,1,1,0,0,1,0,1,0,0,1,0,1,0,0,1
"266",47,32,932,932,0,10,75,8,1,0,1,0,6,2,-15,0,0,0,0,22,7,3,3,0,0,1,1,0,0,1,0,0,0,0,1,0,1,0,0,2
"267",39,3,903,903,0,2,75,6,1,0,1,0,4,2,-15,1,0,0,0,22,7,3,3,0,0,1,1,0,0,1,0,1,0,0,1,0,1,0,0,2
"268",26,820,820,820,0,16,75,23,1,0,1,0,23,0,-15,1,0,0,0,22,7,2,3,0,0,1,1,0,0,0,1,1,0,0,0,0,1,0,0,0
"269",3,793,793,793,1,3,75,3,1,0,1,0,3,0,-15,1,0,0,0,22,13,2,3,0,0,1,1,0,0,0,1,0,0,0,1,0,0,0,1,1
"270",87,581,581,581,0,20,1,-4,1,0,1,0,-6,2,-7,0,0,0,0,22,15,2,3,0,1,1,1,0,0,0,1,0,0,0,1,0,1,0,0,4
"271",91,534,534,534,0,24,1,0,1,0,1,0,40,0,-7,0,0,1,0,22,15,2,3,0,1,1,1,0,0,0,1,1,0,0,0,1,0,0,0,4
"272",74,248,248,248,0,15,15,3,1,0,1,0,1,2,-14,0,0,0,0,29,15,2,3,0,1,1,1,0,0,0,1,0,0,0,1,0,1,0,0,3
"273",71,223,223,223,0,12,15,17,1,0,1,0,16,1,-14,1,0,0,0,29,15,1,3,0,1,1,1,0,0,0,1,1,0,0,0,1,0,0,0,1
"274",54,208,208,208,0,10,15,0,1,0,1,0,3,0,-14,0,1,0,0,29,15,1,3,0,1,1,1,0,0,0,1,0,0,0,1,0,1,0,0,4
"275",54,204,204,204,0,10,15,0,1,1,1,0,12,0,-14,0,0,1,0,29,15,1,3,0,1,1,1,0,0,0,1,1,0,0,1,0,1,0,0,4
"276",77,170,170,170,0,10,4,0,1,0,1,0,24,0,-14,0,1,0,0,29,15,1,1,0,1,1,1,0,0,0,1,0,0,0,0,0,0,0,0,4
"277",84,154,154,154,0,17,4,11,1,0,1,0,-1,12,-14,0,0,0,0,29,15,1,0,0,1,1,1,0,0,0,1,0,1,0,1,0,1,0,0,1
"278",73,147,147,147,0,6,4,0,1,0,1,0,18,0,-14,0,1,0,0,29,15,1,0,0,1,1,1,0,0,0,1,0,0,1,0,0,0,0,0,4
"279",81,896,1796,3596,0,10,47,10,0,0,1,0,10,0,0,1,0,0,0,0,0,3,3,0,1,0,0,0,0,0,0,0,0,0,1,0,0,0,0,1
"280",57,760,1660,3460,0,8,47,9,1,0,1,0,-1,10,0,1,0,0,0,0,0,3,3,0,1,0,0,0,0,0,0,1,0,0,1,0,0,0,0,1
"281",48,730,1630,3430,0,10,47,0,0,0,1,0,32,0,0,0,1,0,0,0,0,3,3,0,0,0,0,0,0,0,0,0,0,0,0,0,0,0,0,4
"282",48,723,1623,3423,0,10,47,6,1,0,1,0,3,3,0,0,0,0,0,0,0,3,3,0,0,0,0,0,0,0,0,1,0,0,1,1,0,0,0,2
"283",61,609,1509,3309,0,34,47,21,1,0,1,0,20,1,0,0,0,0,0,0,0,3,2,0,1,0,0,0,0,0,0,0,0,0,0,0,1,0,0,0
"284",40,571,1471,3271,0,13,47,0,1,0,1,0,15,0,0,0,1,0,0,0,0,3,2,0,0,0,0,0,0,0,0,1,0,0,1,0,1,0,0,4
"285",45,548,1448,3248,0,18,47,11,1,0,1,0,-6,17,0,0,0,0,0,0,0,3,2,0,0,0,0,0,0,0,0,0,1,0,1,0,0,0,0,1
"286",92,261,1161,2961,0,8,20,11,1,0,1,0,11,0,3,1,0,0,0,0,3,3,2,0,1,0,0,0,0,0,0,0,1,0,1,0,0,0,0,1
"287",74,163,1063,2863,0,3,20,0,1,0,1,0,4,0,3,0,1,0,0,0,3,3,2,0,1,0,0,0,0,0,0,0,1,0,1,0,1,0,0,4
"288",75,816,816,2616,0,5,80,13,1,0,1,0,12,1,3,1,0,0,0,0,3,3,2,0,1,0,0,0,1,0,0,1,0,0,1,1,0,0,0,1
"289",55,706,706,2506,0,3,80,8,1,0,1,0,8,0,3,1,0,0,0,0,3,3,2,0,1,0,0,0,1,0,0,0,1,0,1,0,1,0,0,1
"290",39,562,562,2362,0,2,80,12,1,0,1,0,1,11,3,1,0,0,0,0,3,3,2,0,0,0,0,0,1,0,0,0,0,1,1,0,0,0,0,1
"291",1,358,358,2158,1,1,80,1,1,0,1,0,0,1,3,1,0,0,0,0,9,3,2,0,0,0,0,0,1,0,0,0,0,0,1,1,0,0,1,1
"292",75,108,108,1908,0,10,35,0,1,0,1,0,2,0,6,0,1,0,0,3,9,3,2,0,1,0,0,1,1,0,0,0,0,0,1,0,0,0,0,4
"293",62,74,74,1874,0,10,35,4,1,0,1,0,4,0,6,0,0,0,0,3,9,3,2,0,1,0,0,1,1,0,0,0,0,0,1,0,0,0,0,2
"294",58,67,67,1867,0,6,35,3,1,0,1,0,3,0,6,0,0,0,0,3,9,3,2,0,1,0,0,1,1,0,0,1,0,0,1,0,1,0,0,3
"295",55,42,42,1842,0,3,35,8,1,0,1,0,3,5,6,1,0,0,0,3,9,3,2,0,1,0,0,1,1,0,0,0,1,0,1,1,0,0,0,1
"296",57,31,31,1831,0,20,35,0,1,0,1,0,-3,3,6,0,0,0,0,3,9,3,1,0,1,0,0,1,1,0,0,0,0,0,1,0,0,0,0,4
"297",57,23,23,1823,0,20,35,17,1,0,1,0,6,11,6,0,0,0,0,3,9,3,0,0,1,0,0,1,1,0,0,1,0,0,1,0,0,0,0,1
"298",40,15,15,1815,0,3,35,0,1,0,1,0,10,0,6,0,1,0,0,3,9,3,0,0,0,0,0,1,1,0,0,0,1,0,1,0,1,0,0,4
"299",39,523,1423,1423,0,15,26,2,1,0,1,0,3,-1,6,0,0,0,0,3,9,3,3,0,0,1,0,1,0,1,0,0,0,0,1,0,1,0,0,3
"300",37,489,1389,1389,0,13,26,18,0,0,1,0,15,3,6,1,0,0,0,3,9,3,3,0,0,1,0,1,0,1,0,1,0,0,1,0,0,0,0,1
"301",29,431,1331,1331,0,20,26,11,1,0,1,0,-5,16,6,0,0,0,0,3,9,3,3,0,0,1,0,1,0,1,0,0,0,0,1,0,1,0,0,1
"302",79,170,1070,1070,0,10,79,8,1,0,1,0,5,3,9,0,0,0,0,3,12,3,2,0,1,1,0,1,0,1,0,0,0,0,1,1,0,0,0,2
"303",22,82,982,982,0,9,79,21,1,0,1,0,17,4,9,1,0,0,0,3,12,3,2,0,0,1,0,1,0,1,0,1,0,0,0,1,0,0,0,0
"304",67,574,574,574,0,8,14,6,1,0,1,0,3,3,16,0,0,0,0,3,19,2,2,0,1,1,0,1,0,0,1,1,0,0,1,1,0,0,0,2
"305",66,505,505,505,0,7,14,0,1,0,1,0,8,0,16,0,1,0,0,3,19,2,2,0,1,1,0,1,0,0,1,0,1,0,1,1,0,0,0,4
"306",1,262,262,262,1,1,3,1,1,0,1,0,1,0,16,1,0,0,0,3,25,2,2,0,0,1,1,0,0,0,1,1,0,0,1,1,0,0,1,1
"307",93,687,1587,3387,0,10,0,0,1,0,1,0,13,0,0,0,1,0,0,0,0,3,3,0,1,0,0,0,0,0,0,0,0,0,1,0,1,0,0,4
"308",40,199,1099,2899,0,13,76,14,1,0,1,0,6,8,-7,1,0,0,0,7,0,3,3,0,0,0,0,0,0,0,0,1,0,0,1,0,1,0,0,1
"309",26,118,1018,2818,0,10,76,0,1,0,1,0,5,0,-7,0,1,0,0,7,0,3,3,0,0,0,0,0,0,0,0,1,0,0,1,0,0,0,0,4
"310",26,115,1015,2815,0,10,76,11,1,0,1,0,11,0,-7,1,0,0,0,7,0,3,3,0,0,0,0,0,0,0,0,0,1,0,1,1,0,0,0,1
"311",15,74,974,2774,0,10,76,2,1,0,1,0,-4,6,-7,0,0,0,0,7,0,3,3,0,0,0,0,0,0,0,0,0,0,0,1,1,0,0,0,3
"312",70,757,757,2557,0,10,54,0,1,0,1,0,5,0,0,0,1,0,0,7,7,3,3,0,1,0,0,0,1,0,0,0,0,0,1,0,1,0,0,4
"313",57,716,716,2516,0,10,54,14,0,0,1,0,14,0,0,1,0,0,0,7,7,3,3,0,1,0,0,0,1,0,0,0,0,0,1,0,1,0,0,1
"314",16,549,549,2349,0,2,54,0,1,0,1,0,0,0,0,0,0,0,0,7,7,3,3,0,0,0,0,0,1,0,0,0,1,0,1,0,0,0,0,4
"315",86,286,286,2086,0,16,4,10,1,0,1,0,7,3,3,0,0,0,0,7,10,3,3,0,1,0,0,1,1,0,0,0,1,0,1,0,0,0,0,1
"316",85,187,187,1987,0,10,8,0,0,0,1,0,17,0,3,0,1,0,0,7,10,2,3,0,1,0,0,1,1,0,0,0,0,0,0,0,1,0,0,4
"317",78,138,138,1938,0,3,8,3,1,0,1,0,3,0,3,1,0,0,0,7,10,2,3,0,1,0,0,1,1,0,0,0,1,0,1,0,0,0,0,2
"318",75,120,120,1920,0,10,8,7,1,0,1,0,5,2,3,0,0,0,0,7,10,2,3,0,1,0,0,1,1,0,0,0,0,0,1,1,0,0,0,2
"319",77,71,71,1871,0,12,8,0,1,0,1,0,21,0,3,0,1,0,0,7,10,1,3,0,1,0,0,1,1,0,0,0,1,0,0,0,1,0,0,4
"320",45,41,41,1841,0,10,19,6,1,0,1,0,3,3,3,0,0,0,0,7,10,1,3,0,0,0,0,1,1,0,0,0,0,0,1,0,1,0,0,2
"321",39,33,33,1833,0,4,19,0,1,0,1,0,37,0,3,0,1,0,0,7,10,1,2,0,0,0,0,1,1,0,0,1,0,0,0,0,1,0,0,4
"322",39,28,28,1828,0,4,19,0,1,0,1,0,14,0,3,0,1,0,0,7,10,1,1,0,0,0,0,1,1,0,0,0,1,0,1,0,1,0,0,4
"323",39,21,21,1821,0,4,19,0,1,0,1,0,4,0,3,0,1,0,0,7,10,1,1,0,0,0,0,1,1,0,0,0,0,1,1,0,0,0,0,4
"324",77,896,1796,1796,0,10,77,10,1,0,1,0,6,4,3,1,0,0,0,7,10,3,3,0,1,1,0,1,0,1,0,0,0,0,1,0,1,0,0,1
"325",76,763,1663,1663,0,19,77,31,1,0,1,0,-3,34,3,1,0,0,0,7,10,3,3,0,1,1,0,1,0,1,0,0,1,0,1,0,1,0,0,0
"326",45,713,1613,1613,0,10,77,17,0,0,1,0,17,0,3,1,0,0,0,7,10,3,3,0,0,1,0,1,0,1,0,0,0,0,0,0,0,0,0,1
"327",1,534,1434,1434,1,1,77,1,0,0,1,0,1,0,3,1,0,0,0,7,16,3,2,0,0,1,0,1,0,1,0,0,0,1,1,0,1,0,1,1
"328",38,195,1095,1095,0,10,56,19,1,0,1,0,0,19,10,1,0,0,0,7,17,3,2,0,0,1,1,0,0,1,0,0,0,0,1,0,0,0,0,1
"329",21,113,1013,1013,0,12,56,3,1,0,1,0,-4,7,10,0,0,0,0,7,17,3,2,0,0,1,1,0,0,1,0,1,0,0,1,0,1,0,0,3
"330",51,274,274,274,0,6,37,0,1,0,1,0,41,0,24,0,0,1,0,7,31,3,1,0,1,1,1,0,0,0,1,0,1,0,0,0,1,0,0,4
"331",67,468,1368,3168,0,8,48,0,1,0,1,0,7,0,0,0,1,0,0,0,0,3,3,0,1,0,0,0,0,0,0,1,0,0,1,1,0,0,0,4
"332",67,464,1364,3164,0,8,48,24,1,0,1,0,-7,31,0,1,0,0,0,0,0,3,3,0,1,0,0,0,0,0,0,0,1,0,1,0,0,0,0,0
"333",41,336,1236,3036,0,8,48,0,1,0,1,0,11,0,0,0,1,0,0,0,0,3,3,0,0,0,0,0,0,0,0,0,1,0,1,0,1,0,0,4
"334",63,197,1097,2897,0,10,46,19,0,1,1,0,7,12,0,1,0,0,0,0,0,3,3,0,1,0,0,0,0,0,0,1,0,0,1,0,1,0,0,1
"335",41,139,1039,2839,0,7,46,20,0,1,1,0,1,19,0,1,0,0,0,0,0,3,3,0,0,0,0,0,0,0,0,1,0,0,1,0,1,0,0,0
"336",26,74,974,2774,0,15,46,16,1,0,1,0,-1,17,0,0,0,0,0,0,0,3,3,0,0,0,0,0,0,0,0,1,0,0,1,0,0,0,0,1
"337",20,64,964,2764,0,9,46,8,1,0,1,0,7,1,0,0,0,0,0,0,0,3,3,0,0,0,0,0,0,0,0,1,0,0,1,1,0,0,0,2
"338",56,513,513,2313,0,4,73,6,1,0,1,0,5,1,0,1,0,0,0,0,0,3,3,0,1,0,0,0,1,0,0,0,1,0,1,1,0,0,0,2
"339",50,469,469,2269,0,10,73,5,0,0,1,0,-2,7,0,0,0,0,0,0,0,3,3,1,0,0,0,0,1,0,0,0,0,0,1,0,0,0,0,2
"340",45,430,430,2230,0,5,73,24,0,0,1,0,13,11,0,1,0,0,0,0,0,3,3,0,0,0,0,0,1,0,0,1,0,0,1,1,0,0,0,0
"341",70,89,89,1889,0,5,5,0,1,1,1,0,0,0,4,0,1,0,0,3,7,3,3,0,1,0,0,1,1,0,0,1,0,0,1,0,0,0,0,4
"342",70,84,84,1884,0,5,5,0,1,0,1,0,45,0,4,0,1,0,0,3,7,3,3,0,1,0,0,1,1,0,0,0,1,0,0,0,1,0,0,4
"343",59,848,1748,1748,0,5,64,6,1,0,1,0,5,1,4,1,0,0,0,3,7,3,3,0,1,1,0,1,0,1,0,1,0,0,1,1,0,0,0,2
"344",53,823,1723,1723,0,10,64,36,0,0,1,0,20,16,4,1,0,0,0,3,7,3,3,0,1,1,0,1,0,1,0,0,0,0,0,0,1,0,0,0
"345",1,796,1696,1696,1,1,64,1,0,0,1,0,1,0,4,1,0,0,0,3,13,3,3,0,0,1,0,1,0,1,0,0,0,0,1,0,1,0,1,1
"346",65,427,1327,1327,0,10,80,65,0,1,1,0,13,52,25,1,0,0,0,3,34,3,3,0,1,1,1,0,0,1,0,0,0,0,1,1,0,0,1,0
"347",67,105,1005,1005,0,2,31,14,0,0,1,0,12,2,24,1,0,0,0,11,35,3,3,0,1,1,1,0,0,1,0,1,0,0,1,0,0,0,0,1
"348",40,710,710,710,0,10,40,15,0,0,1,0,0,15,18,1,0,0,0,17,35,3,3,0,0,1,1,0,0,0,1,0,0,0,1,0,0,0,0,1
"349",75,900,1800,3600,0,10,34,0,0,0,1,0,-4,0,0,0,1,0,0,0,0,3,3,0,1,0,0,0,0,0,0,0,0,0,1,0,1,0,0,4
"350",70,860,1760,3560,0,5,34,16,1,0,1,0,11,5,0,1,0,0,0,0,0,3,3,0,1,0,0,0,0,0,0,0,1,0,1,0,0,0,0,1
"351",54,817,1717,3517,0,10,34,0,0,0,1,0,15,0,0,0,1,0,0,0,0,3,3,0,1,0,0,0,0,0,0,0,0,0,1,0,1,0,0,4
"352",54,812,1712,3512,0,10,34,7,0,0,1,0,5,2,0,0,0,0,0,0,0,3,3,0,1,0,0,0,0,0,0,1,0,0,1,0,1,0,0,2
"353",47,764,1664,3464,0,3,34,7,1,0,1,0,5,2,0,1,0,0,0,0,0,3,3,0,0,0,0,0,0,0,0,0,1,0,1,0,1,0,0,1
"354",45,618,1518,3318,0,21,34,10,1,0,1,0,10,0,0,0,0,0,0,0,0,3,3,0,0,0,0,0,0,0,0,1,0,0,1,1,0,0,0,1
"355",35,575,1475,3275,0,11,34,-6,1,0,1,0,-9,3,0,0,0,0,0,0,0,3,3,0,0,0,0,0,0,0,0,0,1,0,1,0,0,0,0,4
"356",69,389,1289,3089,0,10,69,6,1,0,1,0,-2,8,0,0,0,0,0,0,0,3,3,0,1,0,0,0,0,0,0,0,0,0,1,0,0,0,0,2
"357",53,233,1133,2933,0,9,69,0,0,0,1,0,11,0,0,0,1,0,0,0,0,3,3,0,1,0,0,0,0,0,0,1,0,0,1,0,0,0,0,4
"358",53,228,1128,2928,0,9,69,13,1,0,1,0,13,0,0,1,0,0,0,0,0,3,3,0,1,0,0,0,0,0,0,0,1,0,1,0,0,0,0,1
"359",40,213,1113,2913,0,10,69,25,0,0,1,0,24,1,0,1,0,0,0,0,0,3,3,0,0,0,0,0,0,0,0,0,0,0,0,0,1,0,0,0
"360",80,603,603,2403,0,7,83,32,1,0,1,0,27,5,13,1,0,0,0,0,13,3,3,0,1,0,0,0,1,0,0,0,1,0,0,0,0,0,0,0
"361",28,553,553,2353,0,10,83,0,0,0,1,0,19,0,13,0,1,0,0,0,13,3,3,0,0,0,0,0,1,0,0,0,0,0,0,1,0,0,0,4
"362",28,549,549,2349,0,10,83,27,1,0,1,0,-1,28,13,1,0,0,0,0,13,3,3,0,0,0,0,0,1,0,0,1,0,0,1,0,0,0,0,0
"363",60,293,293,2093,0,2,16,5,1,0,1,0,5,0,20,1,0,0,0,0,20,3,3,0,1,0,0,1,1,0,0,0,1,0,1,0,0,0,0,2
"364",52,218,218,2018,0,7,16,0,0,0,1,0,-2,0,20,0,1,0,0,0,20,3,3,0,1,0,0,1,1,0,0,1,0,0,1,0,1,0,0,4
"365",52,214,214,2014,0,7,16,0,1,0,1,0,9,0,20,0,1,0,0,0,20,3,3,0,1,0,0,1,1,0,0,0,1,0,1,0,0,0,0,4
"366",54,146,146,1946,0,10,47,30,0,0,1,0,27,3,20,1,0,0,0,0,20,3,3,0,1,0,0,1,1,0,0,0,0,0,0,0,1,0,0,0
"367",23,79,79,1879,0,9,47,12,1,0,1,0,1,11,20,1,0,0,0,0,20,3,3,0,0,0,0,1,1,0,0,1,0,0,1,1,0,0,0,1
"368",13,70,70,1870,0,12,47,6,0,0,1,0,-2,8,20,0,0,0,0,0,20,1,3,0,0,0,0,1,1,0,0,1,0,0,1,0,0,0,0,2
"369",7,63,63,1863,0,6,47,0,1,0,1,0,7,0,20,0,1,0,0,0,20,0,3,0,0,0,0,1,1,0,0,0,1,0,1,1,0,0,0,4
"370",66,24,24,1824,0,10,12,22,1,0,1,0,19,3,23,1,0,0,0,0,23,0,1,0,1,0,0,1,1,0,0,0,0,0,0,0,1,0,0,0
"371",44,19,19,1819,0,10,12,0,1,0,1,0,37,0,23,0,1,0,0,0,23,0,1,0,0,0,0,1,1,0,0,0,0,0,0,0,1,0,0,4
"372",44,14,14,1814,0,10,12,0,1,0,1,0,10,0,23,0,1,0,0,0,23,0,1,0,0,0,0,1,1,0,0,1,0,0,1,0,0,0,0,4
"373",54,6,6,1806,0,20,12,0,1,0,1,0,41,0,23,0,1,0,0,0,23,0,1,0,1,0,0,1,1,0,0,0,1,0,0,0,0,0,0,4
"374",61,733,1633,1633,0,11,24,10,1,0,1,0,10,0,23,0,0,0,0,0,23,3,3,0,1,1,0,1,0,1,0,1,0,0,1,0,0,0,0,1
"375",68,268,1168,1168,0,3,29,6,1,0,1,0,5,1,20,1,0,0,0,3,23,3,3,0,1,1,1,0,0,1,0,0,1,0,1,0,0,0,0,2
"376",72,212,1112,1112,0,20,29,4,1,0,1,0,-4,8,20,0,0,0,0,3,23,3,3,0,1,1,1,0,0,1,0,0,0,0,1,0,1,0,0,2
"377",68,177,1077,1077,0,16,29,25,1,0,1,0,15,10,20,1,0,0,0,3,23,3,3,0,1,1,1,0,0,1,0,1,0,0,1,0,1,0,0,0
"378",43,134,1034,1034,0,10,29,5,0,0,1,0,0,5,20,0,0,0,0,3,23,3,3,0,0,1,1,0,0,1,0,0,0,0,1,0,0,0,0,2
"379",43,65,965,965,0,10,29,0,1,0,1,0,23,0,20,0,1,0,0,3,23,3,3,0,0,1,1,0,0,1,0,1,0,0,0,0,0,0,0,4
"380",43,60,960,960,0,10,29,6,1,0,1,0,-1,7,20,0,0,0,0,3,23,3,3,0,0,1,1,0,0,1,0,0,1,0,1,1,0,0,0,2
"381",98,305,305,305,0,11,-1,0,1,0,1,0,13,0,12,0,1,0,0,11,23,2,3,0,1,1,1,0,0,0,1,0,1,0,1,0,1,0,0,4
"382",52,399,1299,3099,0,10,79,45,0,0,1,0,12,33,-3,1,0,0,0,3,0,3,3,0,1,0,0,0,0,0,0,0,0,0,1,0,1,0,0,0
"383",84,218,1118,2918,0,8,15,6,1,0,1,0,4,2,4,0,0,0,0,3,7,3,3,0,1,0,0,0,0,0,0,1,0,0,1,1,0,0,0,2
"384",78,175,1075,2875,0,2,15,6,1,0,1,0,2,4,4,1,0,0,0,3,7,3,3,0,1,0,0,0,0,0,0,0,1,0,1,0,0,0,0,2
"385",72,132,1032,2832,0,10,15,0,0,0,1,0,26,0,4,0,1,0,0,3,7,3,3,0,1,0,0,0,0,0,0,0,0,0,0,0,0,0,0,4
"386",65,63,963,2763,0,20,15,0,1,0,1,0,53,0,4,0,1,0,0,3,7,3,3,0,1,0,0,0,0,0,0,0,0,0,0,1,0,0,0,4
"387",65,54,954,2754,0,20,15,4,0,0,1,0,4,0,4,0,0,0,0,3,7,3,3,0,1,0,0,0,0,0,0,1,0,0,1,0,1,0,0,2
"388",65,613,613,2413,0,10,75,9,1,0,1,0,6,3,4,0,0,0,0,3,7,3,3,0,1,0,0,0,1,0,0,1,0,0,1,1,0,0,0,2
"389",54,531,531,2331,0,10,75,6,0,1,1,0,0,6,4,0,0,0,0,3,7,3,2,0,1,0,0,0,1,0,0,0,0,0,1,0,1,0,0,2
"390",25,445,445,2245,0,10,75,2,1,0,1,0,-1,3,4,0,0,0,0,3,7,3,2,0,0,0,0,0,1,0,0,0,0,0,1,0,1,0,0,3
"391",23,395,395,2195,0,8,75,19,1,0,1,0,-5,24,4,1,0,0,0,3,7,3,2,0,0,0,0,0,1,0,0,1,0,0,1,0,0,0,0,1
"392",30,102,102,1902,0,10,80,30,0,0,1,0,23,7,11,1,0,0,0,3,20,3,2,0,0,0,0,1,1,0,0,0,0,0,0,0,0,0,1,0
"393",67,51,51,1851,0,10,57,0,1,0,1,0,7,0,18,0,1,0,0,3,21,3,1,0,1,0,0,1,1,0,0,0,0,0,1,1,0,0,0,4
"394",67,46,46,1846,0,10,57,9,1,0,1,0,-7,16,18,0,0,0,0,3,21,3,1,0,1,0,0,1,1,0,0,1,0,0,1,1,0,0,0,2
"395",43,40,40,1840,0,10,57,8,1,0,1,0,2,6,18,0,0,0,0,3,21,3,1,0,0,0,0,1,1,0,0,0,0,0,1,1,0,0,0,2
"396",35,34,34,1834,0,2,57,8,1,0,1,0,0,8,18,1,0,0,0,3,21,3,0,0,0,0,0,1,1,0,0,1,0,0,1,0,0,0,0,1
"397",22,16,16,1816,0,5,57,0,1,0,1,0,4,0,18,0,1,0,0,3,21,3,0,0,0,0,0,1,1,0,0,0,0,0,1,0,0,0,0,4
"398",22,12,12,1812,0,5,57,0,1,0,1,0,16,0,18,0,1,0,0,3,21,3,0,0,0,0,0,1,1,0,0,1,0,0,0,0,1,0,0,4
"399",84,853,1753,1753,0,10,84,0,0,0,1,0,27,0,21,0,1,0,0,3,24,3,3,0,1,1,0,1,0,1,0,1,0,0,0,0,0,0,0,4
"400",84,846,1746,1746,0,10,84,84,1,0,1,0,-1,85,21,1,0,0,0,3,30,3,3,0,1,1,0,1,0,1,0,0,1,0,1,0,1,0,1,0
"401",73,339,1239,1239,0,10,73,19,0,0,1,0,12,7,21,1,0,0,0,10,31,3,3,0,1,1,0,1,0,1,0,0,0,0,1,1,0,0,0,1
"402",53,256,1156,1156,0,9,73,15,1,0,1,0,10,5,21,1,0,0,0,10,31,3,3,0,1,1,0,1,0,1,0,1,0,0,1,0,1,0,0,1
"403",44,121,1021,1021,0,16,73,44,1,0,1,0,43,1,21,1,0,0,0,10,37,3,3,0,0,1,0,1,0,1,0,0,1,0,0,1,0,0,1,0
"404",12,703,703,703,0,10,38,-2,1,0,1,0,-5,3,28,0,0,0,0,10,38,3,3,0,0,1,1,0,0,0,1,0,0,0,1,0,1,0,0,4
"405",14,659,659,659,0,12,38,14,0,0,1,0,13,1,28,1,0,0,0,10,44,3,3,0,0,1,1,0,0,0,1,1,0,0,1,0,1,0,1,0
"406",76,621,621,621,0,10,4,0,1,0,1,0,-4,0,35,0,1,0,0,10,45,3,3,0,1,1,1,0,0,0,1,0,0,0,1,0,0,0,0,4
"407",72,576,576,576,0,6,4,0,1,0,1,0,22,0,35,0,1,0,0,10,45,3,3,0,1,1,1,0,0,0,1,0,1,0,0,0,1,0,0,4
"408",65,243,243,243,0,11,39,14,1,0,1,0,-1,15,35,1,0,0,0,10,45,3,3,0,1,1,1,0,0,0,1,0,1,0,1,1,0,0,0,1
"409",60,798,1698,3498,0,10,75,9,0,0,1,0,2,7,0,0,0,0,0,0,0,3,3,0,1,0,0,0,0,0,0,0,0,0,1,1,0,0,0,2
"410",51,764,1664,3464,0,1,75,10,0,0,1,0,4,6,0,1,0,0,0,0,0,3,3,0,1,0,0,0,0,0,0,1,0,0,1,0,0,0,0,1
"411",40,698,1598,3398,0,9,75,40,0,0,1,0,10,30,0,1,0,0,0,0,6,3,3,0,0,0,0,0,0,0,0,1,0,0,1,1,0,0,1,0
"412",75,489,1389,3189,0,10,60,13,0,0,1,0,0,13,4,1,0,0,0,3,7,3,3,0,1,0,0,0,0,0,0,0,0,0,1,0,1,0,0,1
"413",60,430,1330,3130,0,8,60,6,1,0,1,0,0,6,4,0,0,0,0,3,7,3,3,0,1,0,0,0,0,0,0,1,0,0,1,0,1,0,0,2
"414",54,391,1291,3091,0,2,60,36,1,0,1,0,24,12,4,1,0,0,0,3,7,3,3,0,1,0,0,0,0,0,0,0,1,0,0,0,0,0,0,0
"415",18,346,1246,3046,0,10,60,0,0,0,1,0,18,0,4,0,1,0,0,3,7,3,3,0,0,0,0,0,0,0,0,0,0,0,0,0,0,0,0,4
"416",15,300,1200,3000,0,7,60,0,1,0,1,0,15,0,4,0,1,0,0,3,7,3,3,0,0,0,0,0,0,0,0,0,1,0,1,0,0,0,0,4
"417",74,99,999,2799,0,14,29,12,1,0,1,0,6,6,7,0,0,0,0,3,10,3,3,0,1,0,0,0,0,0,0,1,0,0,1,0,1,0,0,1
"418",62,60,960,2760,0,2,29,7,0,0,1,0,2,5,7,1,0,0,0,3,10,3,2,0,1,0,0,0,0,0,0,0,1,0,1,0,1,0,0,1
"419",55,31,931,2731,0,10,29,15,0,1,1,0,14,1,7,1,0,0,0,3,10,3,2,0,1,0,0,0,0,0,0,0,0,0,1,1,0,0,0,1
"420",48,860,860,2660,0,18,29,0,0,0,1,0,-2,0,7,0,1,0,0,3,10,3,2,0,0,0,0,0,1,0,0,1,0,0,1,0,0,0,0,4
"421",39,509,509,2309,0,18,10,0,1,0,1,0,9,0,7,0,1,0,0,3,10,3,2,0,0,0,0,1,1,0,0,1,0,0,1,0,1,0,0,4
"422",50,355,355,2155,0,10,35,1,0,0,1,0,0,1,7,0,0,0,0,3,10,3,2,1,0,0,0,1,1,0,0,0,0,0,1,0,1,0,0,3
"423",49,327,327,2127,0,9,35,14,0,0,1,0,-3,17,7,1,0,0,0,3,10,3,2,0,0,0,0,1,1,0,0,1,0,0,1,0,0,0,0,1
"424",32,263,263,2063,0,7,35,0,0,0,1,0,-6,0,7,0,1,0,0,3,10,3,2,0,0,0,0,1,1,0,0,1,0,0,1,0,0,0,0,4
"425",15,147,147,1947,0,8,35,0,1,0,1,0,5,0,7,0,1,0,0,3,10,3,2,0,0,0,0,1,1,0,0,0,1,0,1,0,0,0,0,4
"426",67,57,57,1857,0,10,69,21,1,1,1,0,-5,26,10,1,0,0,0,3,13,3,2,0,1,0,0,1,1,0,0,0,0,0,1,0,0,0,0,0
"427",46,31,31,1831,0,10,69,0,1,1,1,0,1,0,10,0,1,0,0,3,13,3,2,0,0,0,0,1,1,0,0,0,0,0,1,0,1,0,0,4
"428",46,26,26,1826,0,10,69,0,1,0,1,0,11,0,10,0,1,0,0,3,13,3,2,0,0,0,0,1,1,0,0,1,0,0,1,0,0,0,0,4
"429",46,20,20,1820,0,10,69,20,1,0,1,0,13,7,10,1,0,0,0,3,13,3,2,0,0,0,0,1,1,0,0,0,1,0,1,1,0,0,0,0
"430",26,15,15,1815,0,10,69,17,1,0,1,0,2,15,10,1,0,0,0,3,13,3,2,0,0,0,0,1,1,0,0,0,0,0,1,1,0,0,0,1
"431",9,8,8,1808,1,9,69,0,1,0,1,0,4,0,10,0,1,0,0,3,13,3,1,0,0,0,0,1,1,0,0,0,0,0,1,0,0,0,0,4
"432",97,763,1663,1663,0,10,48,14,0,0,1,0,-1,15,13,1,0,0,0,3,16,3,3,0,1,1,0,1,0,1,0,1,0,0,1,0,0,0,0,1
"433",64,693,1593,1593,0,6,48,6,1,0,1,0,6,0,13,1,0,0,0,3,16,3,3,0,1,1,0,1,0,1,0,1,0,0,1,0,0,0,0,2
"434",58,615,1515,1515,0,10,48,5,1,1,1,0,4,1,13,0,0,0,0,3,16,3,2,0,1,1,0,1,0,1,0,1,0,0,1,1,0,0,0,2
"435",53,579,1479,1479,0,5,48,4,1,0,1,0,-1,5,13,0,0,0,0,3,16,3,2,0,1,1,0,1,0,1,0,0,1,0,1,1,0,0,0,2
"436",70,900,900,900,0,5,10,5,0,0,1,0,5,0,10,1,0,0,0,6,16,3,2,0,1,1,1,0,0,0,1,1,0,0,1,0,0,0,0,2
"437",59,807,807,807,0,4,10,5,0,0,1,0,4,1,10,1,0,0,0,6,16,3,2,0,1,1,1,0,0,0,1,1,0,0,1,0,1,0,0,2
"438",54,765,765,765,0,10,10,0,0,0,1,0,0,0,10,0,1,0,0,6,16,3,2,0,1,1,1,0,0,0,1,0,0,0,1,1,0,0,0,4
"439",54,761,761,761,0,10,10,-3,0,0,1,0,-1,-2,10,0,0,0,0,6,16,3,2,0,1,1,1,0,0,0,1,1,0,0,1,0,1,0,0,4
"440",32,115,115,115,0,11,43,0,1,0,1,0,7,0,3,0,1,0,0,13,16,0,1,0,0,1,1,0,0,0,1,0,1,0,1,1,0,0,0,4
"441",83,27,27,27,0,10,43,0,1,0,1,0,0,0,-4,0,1,0,0,20,16,0,1,0,1,1,1,0,0,0,1,0,0,0,1,0,1,0,0,4
"442",50,13,13,13,0,10,43,10,1,0,1,0,10,0,-4,1,0,0,0,20,16,0,1,1,0,1,1,0,0,0,1,0,0,0,1,1,0,0,0,1
"443",40,9,9,9,0,10,43,0,1,0,1,0,40,0,-4,0,1,0,0,20,16,0,0,0,0,1,1,0,0,0,1,0,0,0,0,1,0,0,0,4
"444",40,2,2,2,0,10,43,0,1,0,1,0,40,0,-4,0,1,0,0,20,16,0,0,0,0,1,1,0,0,0,1,1,0,0,0,0,1,0,0,4
"445",78,863,1763,3563,0,6,82,11,1,0,1,0,6,5,0,1,0,0,0,0,0,3,3,0,1,0,0,0,0,0,0,1,0,0,1,1,0,0,0,1
"446",67,830,1730,3530,0,10,82,-1,0,0,1,0,-2,1,0,0,0,0,0,0,0,3,3,0,1,0,0,0,0,0,0,0,0,0,1,0,0,0,0,4
"447",63,776,1676,3476,0,6,82,16,1,0,1,0,3,13,0,1,0,0,0,0,0,3,3,0,1,0,0,0,0,0,0,1,0,0,1,0,0,0,0,1
"448",42,725,1625,3425,0,5,82,25,0,0,1,0,18,7,0,1,0,0,0,0,0,3,3,0,0,0,0,0,0,0,0,0,0,0,0,0,0,0,0,0
"449",25,678,1578,3378,0,10,25,13,0,0,1,0,0,13,7,1,0,0,0,0,7,3,3,0,0,0,0,0,0,0,0,0,0,0,1,0,1,0,0,1
"450",12,611,1511,3311,0,10,25,4,1,0,1,0,4,0,7,0,0,0,0,0,7,3,3,0,0,0,0,0,0,0,0,1,0,0,1,1,0,0,0,2
"451",8,574,1474,3274,0,6,25,8,1,0,1,0,5,3,7,1,0,0,0,0,13,3,3,0,0,0,0,0,0,0,0,0,1,0,1,0,0,0,1,1
"452",91,404,1304,3104,0,10,67,6,0,0,1,0,5,1,14,0,0,0,0,0,14,3,3,0,1,0,0,0,0,0,0,0,0,0,1,0,1,0,0,2
"453",83,325,1225,3025,0,2,67,24,1,0,1,0,22,2,14,1,0,0,0,0,14,3,3,0,1,0,0,0,0,0,0,0,1,0,0,0,0,0,0,0
"454",59,287,1187,2987,0,10,67,0,0,0,1,0,17,0,14,0,1,0,0,0,14,3,3,0,1,0,0,0,0,0,0,0,0,0,0,1,0,0,0,4
"455",44,206,1106,2906,0,8,67,16,0,0,1,0,14,2,14,1,0,0,0,0,14,3,3,0,0,0,0,0,0,0,0,1,0,0,1,0,1,0,0,1
"456",31,143,1043,2843,0,13,67,0,1,0,1,0,1,0,14,0,1,0,0,0,14,3,3,0,0,0,0,0,0,0,0,1,0,0,1,0,0,0,0,4
"457",31,139,1039,2839,0,13,67,12,1,0,1,0,0,12,14,0,0,0,0,0,14,3,3,0,0,0,0,0,0,0,0,0,1,0,1,0,1,0,0,1
"458",80,31,931,2731,0,10,13,0,0,0,1,0,10,0,14,0,1,0,0,0,14,3,3,0,1,0,0,1,0,0,0,0,0,0,1,1,0,0,0,4
"459",80,26,926,2726,0,10,13,8,1,0,1,0,5,3,14,0,0,0,0,0,14,3,3,0,1,0,0,1,0,0,0,1,0,0,1,1,0,0,0,2
"460",72,900,900,2700,0,2,13,5,0,0,1,0,5,0,14,1,0,0,0,0,14,3,3,0,1,0,0,1,1,0,0,0,1,0,1,0,1,0,0,2
"461",67,864,864,2664,0,10,13,0,0,0,1,0,51,0,14,0,0,1,0,0,14,3,3,0,1,0,0,1,1,0,0,0,0,0,0,0,1,0,0,4
"462",75,552,552,2352,0,10,35,16,0,0,1,0,4,12,11,1,0,0,0,3,14,3,3,0,1,0,0,1,1,0,0,0,0,0,1,0,0,0,0,1
"463",53,458,458,2258,0,4,35,0,0,0,1,0,1,0,11,0,1,0,0,3,14,3,3,0,1,0,0,1,1,0,0,1,0,0,1,0,0,0,0,4
"464",53,454,454,2254,0,4,35,12,1,0,1,0,12,0,11,1,0,0,0,3,14,3,3,0,1,0,0,1,1,0,0,0,1,0,1,1,0,0,0,1
"465",57,352,352,2152,0,26,35,17,1,0,1,0,15,2,11,0,0,0,0,3,14,3,3,0,1,0,0,1,1,0,0,1,0,0,1,1,0,0,0,1
"466",40,314,314,2114,0,9,35,0,1,0,1,0,7,0,11,0,1,0,0,3,14,3,3,0,0,0,0,1,1,0,0,0,1,0,1,0,1,0,0,4
"467",59,107,107,1907,0,10,54,7,1,0,1,0,4,3,11,0,0,0,0,3,14,3,3,0,1,0,0,1,1,0,0,0,0,0,1,0,0,0,0,2
"468",43,96,96,1896,0,10,54,4,1,0,1,0,3,1,11,0,0,0,0,3,14,3,3,0,0,0,0,1,1,0,0,0,0,0,1,0,0,0,0,2
"469",39,77,77,1877,0,6,54,0,1,1,1,0,4,0,11,0,1,0,0,3,14,3,3,0,0,0,0,1,1,0,0,1,0,0,1,0,1,0,0,4
"470",39,72,72,1872,0,6,54,12,1,0,1,0,10,2,11,1,0,0,0,3,14,3,3,0,0,0,0,1,1,0,0,0,1,0,1,0,1,0,0,1
"471",27,52,52,1852,0,10,54,6,1,1,1,0,3,3,11,0,0,0,0,3,14,3,3,0,0,0,0,1,1,0,0,0,0,0,1,0,1,0,0,2
"472",21,44,44,1844,0,4,54,8,1,0,1,0,6,2,11,1,0,0,0,3,14,3,2,0,0,0,0,1,1,0,0,1,0,0,1,1,0,0,0,1
"473",13,38,38,1838,0,10,54,0,1,0,1,0,-1,0,11,0,1,0,0,3,14,3,1,0,0,0,0,1,1,0,0,0,0,0,1,0,1,0,0,4
"474",13,34,34,1834,0,10,54,3,1,0,1,0,3,0,11,0,0,0,0,3,14,3,1,0,0,0,0,1,1,0,0,1,0,0,1,1,0,0,0,3
"475",10,18,18,1818,0,7,54,5,1,1,1,0,4,1,11,0,0,0,0,3,14,3,1,0,0,0,0,1,1,0,0,0,1,0,1,0,1,0,0,2
"476",72,620,1520,1520,0,4,41,14,1,0,1,0,14,0,14,1,0,0,0,3,17,3,3,0,1,1,0,1,0,1,0,0,1,0,1,0,0,0,0,1
"477",58,585,1485,1485,0,10,41,21,0,0,1,0,18,3,14,1,0,0,0,3,17,3,3,0,1,1,0,1,0,1,0,0,0,0,0,0,0,0,0,0
"478",37,564,1464,1464,0,10,41,0,0,1,1,0,5,0,14,0,1,0,0,3,17,3,3,0,0,1,0,1,0,1,0,0,0,0,1,0,1,0,0,4
"479",37,560,1460,1460,0,10,41,0,1,0,1,0,4,0,14,0,1,0,0,3,17,3,3,0,0,1,0,1,0,1,0,1,0,0,1,0,0,0,0,4
"480",37,555,1455,1455,0,10,41,0,1,0,1,0,9,0,14,0,1,0,0,3,17,3,3,0,0,1,0,1,0,1,0,0,1,0,1,0,0,0,0,4
"481",38,407,1307,1307,0,10,13,0,0,0,1,0,13,0,14,0,0,1,0,3,17,3,3,0,0,1,1,0,0,1,0,0,0,0,1,0,1,0,0,4
"482",87,144,1044,1044,0,10,87,32,0,0,1,0,20,12,11,1,0,0,0,6,17,3,3,0,1,1,1,0,0,1,0,0,0,0,0,0,0,0,0,0
"483",52,72,972,972,0,7,87,8,1,0,1,0,6,2,11,1,0,0,0,6,17,3,3,0,1,1,1,0,0,1,0,1,0,0,1,0,0,0,0,1
"484",88,685,685,685,0,6,19,0,0,0,1,0,-2,2,12,0,0,0,0,12,24,3,3,0,1,1,1,0,0,0,1,1,0,0,1,0,0,0,0,4
"485",88,648,648,648,0,6,19,17,1,0,1,0,16,1,12,1,0,0,0,12,24,3,3,0,1,1,1,0,0,0,1,0,1,0,0,0,0,0,0,1
"486",72,558,558,558,0,11,19,0,1,0,1,0,8,0,12,0,1,0,0,12,24,3,3,0,1,1,1,0,0,0,1,1,0,0,1,0,0,0,0,4
"487",96,263,263,263,0,13,64,14,0,0,1,0,14,0,12,1,0,0,0,12,24,3,3,0,1,1,1,0,0,0,1,0,0,0,1,0,0,0,0,1
"488",82,219,219,219,0,10,64,31,0,0,1,0,27,4,12,1,0,0,0,12,24,3,3,0,1,1,1,0,0,0,1,0,0,0,0,0,0,0,0,0
"489",51,200,200,200,0,10,64,10,0,0,1,0,0,10,12,1,0,0,0,12,24,1,3,0,1,1,1,0,0,0,1,1,0,0,1,1,0,0,0,1
"490",85,868,1768,3568,0,20,73,0,1,0,1,0,0,0,0,0,1,0,0,0,0,3,3,0,1,0,0,0,0,0,0,0,0,0,1,0,1,0,0,4
"491",85,861,1761,3561,0,20,73,9,1,0,1,0,5,4,0,0,0,0,0,0,0,3,3,0,1,0,0,0,0,0,0,1,0,0,1,0,0,0,0,2
"492",76,820,1720,3520,0,11,73,18,1,0,1,0,8,10,0,1,0,0,0,0,0,3,3,0,1,0,0,0,0,0,0,0,1,0,1,0,0,0,0,1
"493",58,792,1692,3492,0,10,73,15,0,0,1,0,3,12,0,1,0,0,0,0,0,3,3,0,1,0,0,0,0,0,0,0,0,0,1,0,1,0,0,1
"494",21,673,1573,3373,0,8,73,16,1,0,1,0,11,5,0,1,0,0,0,0,0,3,3,0,0,0,0,0,0,0,0,1,0,0,1,1,0,0,0,1
"495",71,275,1175,2975,0,2,79,33,1,0,1,0,5,28,0,1,0,0,0,3,3,3,3,0,1,0,0,0,0,0,0,0,1,0,1,0,0,0,0,0
"496",38,237,1137,2937,0,10,79,0,0,0,1,0,19,0,0,0,1,0,0,3,3,3,3,0,0,0,0,0,0,0,0,0,0,0,0,0,1,0,0,4
"497",29,118,1018,2818,0,13,79,0,1,0,1,0,-3,0,0,0,1,0,0,3,3,3,3,0,0,0,0,0,0,0,0,1,0,0,1,0,1,0,0,4
"498",29,115,1015,2815,0,13,79,6,1,0,1,0,-1,7,0,0,0,0,0,3,3,3,2,0,0,0,0,0,0,0,0,0,1,0,1,0,1,0,0,2
"499",11,86,986,2786,0,10,79,6,1,0,1,0,6,0,0,0,0,0,0,3,3,3,2,0,0,0,0,0,0,0,0,0,0,0,1,0,1,0,0,2
"500",5,51,951,2751,0,4,79,0,1,0,1,0,5,0,0,0,1,0,0,3,3,3,2,0,0,0,0,0,0,0,0,1,0,0,1,0,1,0,0,4
"501",75,720,720,2520,0,10,24,15,0,0,1,0,15,0,4,1,0,0,0,6,10,3,2,0,1,0,0,0,1,0,0,0,0,0,1,1,0,0,0,1
"502",60,680,680,2480,0,10,24,0,1,0,1,0,11,0,4,0,1,0,0,6,10,3,2,0,1,0,0,0,1,0,0,0,0,0,1,0,0,0,0,4
"503",36,51,51,1851,0,9,5,4,1,0,1,0,0,4,4,0,0,0,0,13,17,2,2,0,0,0,0,1,1,0,0,0,1,0,1,0,0,0,0,2
"504",67,388,1288,1288,0,14,8,0,1,0,1,0,17,0,-4,0,1,0,0,24,20,3,3,0,1,1,0,1,0,1,0,1,0,0,0,0,1,0,0,4
"505",67,382,1282,1282,0,14,8,0,1,0,1,0,2,0,-4,0,1,0,0,24,20,3,3,0,1,1,0,1,0,1,0,0,1,0,1,0,1,0,0,4
"506",75,122,1022,1022,0,10,26,21,1,0,1,0,-3,24,-4,1,0,0,0,24,20,3,3,0,1,1,0,1,0,1,0,0,0,0,1,0,0,0,0,0
"507",49,900,900,900,0,5,26,0,1,0,1,0,4,0,-4,0,1,0,0,24,20,3,3,0,0,1,0,1,0,0,1,0,1,0,1,0,0,0,0,4
"508",95,630,630,630,0,10,3,0,1,0,1,0,-2,0,-4,0,1,0,0,24,20,3,3,0,1,1,1,0,0,0,1,0,0,0,1,0,0,0,0,4
"509",75,568,568,568,0,10,9,9,1,0,1,0,8,1,-11,0,0,0,0,31,20,3,3,0,1,1,1,0,0,0,1,0,0,0,1,1,0,0,0,2
"510",65,500,500,500,0,10,9,10,1,1,1,0,6,4,-11,1,0,0,0,31,20,3,3,0,1,1,1,0,0,0,1,0,0,0,1,0,1,0,0,1
"511",80,275,275,275,0,10,0,0,1,0,1,0,4,0,-18,0,1,0,0,38,20,3,3,0,1,1,1,0,0,0,1,0,0,0,1,0,0,0,0,4
"512",80,269,269,269,0,10,0,0,1,0,1,0,2,0,-18,0,1,0,0,38,20,3,3,0,1,1,1,0,0,0,1,1,0,0,1,0,1,0,0,4
"513",80,264,264,264,0,10,0,0,1,0,1,0,25,0,-18,0,1,0,0,38,20,3,3,0,1,1,1,0,0,0,1,0,1,0,0,0,1,0,0,4
"514",80,256,256,256,0,10,0,0,1,0,1,0,50,0,-18,0,1,0,0,38,20,3,3,0,1,1,1,0,0,0,1,0,0,1,0,0,0,0,0,4
