"","side_of_field","yardline_100","quarter_seconds_remaining","half_seconds_remaining","game_seconds_remaining","game_half","drive","qtr","down","goal_to_go","ydstogo","ydsnet","yards_gained","shotgun","no_huddle","qb_dropback","qb_scramble","run_location","run_gap","td_team","score_differential","jax_score","opp_score","jax_timeouts_remaining","opp_timeouts_remaining","offensive_play"
"1075","0",75,896,1796,3596,"1",1,1,1,0,10,75,-1,1,0,0,0,"1","3","0",0,0,0,3,3,0
"1080","2",75,804,1704,3504,"1",2,1,1,0,10,6,-1,1,0,0,0,"0","0","0",-7,0,7,3,3,1
"1086","2",16,623,1523,3323,"1",3,1,1,0,10,70,5,1,0,0,0,"2","0","0",7,0,7,3,3,0
"1096","0",37,379,1279,3079,"1",4,1,1,0,10,75,2,0,0,0,0,"1","3","0",-10,0,10,3,3,1
"1103","0",72,278,1178,2978,"1",5,1,2,0,2,80,13,0,0,0,0,"0","0","0",3,7,10,3,3,0
"1104","0",59,239,1139,2939,"1",5,1,1,0,10,80,2,1,0,0,0,"1","3","0",3,7,10,3,3,0
"1109","2",75,156,1056,2856,"1",6,1,1,0,10,56,5,0,0,0,0,"1","3","0",-10,7,17,3,3,1
"1111","2",62,82,982,2782,"1",6,1,1,0,10,56,12,0,0,0,0,"0","0","0",-10,7,17,3,3,1
"1112","1",50,37,937,2737,"1",6,1,1,0,10,56,3,0,0,0,0,"1","3","0",-10,7,17,3,3,1
"1117","0",33,781,781,2581,"1",6,2,2,0,16,56,3,0,0,0,0,"1","3","0",-10,7,17,3,3,1
"1122","2",34,657,657,2457,"1",7,2,1,0,10,68,3,0,0,0,0,"2","0","0",7,10,17,3,3,0
"1125","2",9,576,576,2376,"1",7,2,2,1,9,68,2,1,0,0,0,"2","0","0",7,10,17,3,3,0
"1133","0",18,357,357,2157,"1",8,2,2,1,18,70,6,1,0,1,1,"2","0","0",-10,10,20,3,3,1
"1139","0",52,182,182,1982,"1",9,2,2,0,5,47,4,1,0,0,0,"1","3","0",7,13,20,3,3,0
"1140","2",48,149,149,1949,"1",9,2,3,0,1,47,4,0,0,0,0,"1","3","0",7,13,20,3,3,0
"1156","2",75,900,1800,1800,"2",11,3,1,0,10,49,6,0,0,0,0,"2","0","0",-10,13,23,3,3,1
"1158","2",69,836,1736,1736,"2",11,3,2,0,4,49,1,0,0,0,0,"1","3","0",-10,13,23,3,3,1
"1162","0",48,682,1582,1582,"2",11,3,3,0,2,49,14,1,0,0,0,"1","3","0",-10,13,23,3,3,1
"1163","0",34,637,1537,1537,"2",11,3,1,0,10,49,6,0,0,0,0,"1","3","0",-10,13,23,3,3,1
"1164","0",28,588,1488,1488,"2",11,3,2,0,4,49,2,0,0,0,0,"1","3","0",-10,13,23,3,3,1
"1166","0",60,530,1430,1430,"2",12,3,1,0,10,60,1,1,0,0,0,"0","0","0",10,13,23,3,3,0
"1169","0",51,452,1352,1352,"2",12,3,3,0,1,60,2,0,0,0,0,"1","3","0",10,13,23,2,3,0
"1171","2",40,371,1271,1271,"2",12,3,2,0,1,60,2,1,0,0,0,"1","3","0",10,13,23,2,3,0
"1172","2",38,336,1236,1236,"2",12,3,1,0,10,60,0,1,0,0,0,"1","3","0",10,13,23,2,3,0
"1180","2",1,148,1048,1048,"2",12,3,1,1,1,60,1,1,0,0,0,"1","3","2",10,13,29,2,3,0
"1186","2",91,63,963,963,"2",13,3,3,0,23,-3,10,1,0,0,0,"1","3","0",-17,13,30,2,3,1
"1190","0",60,900,900,900,"2",14,4,2,0,3,67,3,1,0,0,0,"0","0","0",17,13,30,2,3,0
"1191","0",57,857,857,857,"2",14,4,1,0,10,67,31,1,0,0,0,"0","0","0",17,13,30,2,3,0
"1192","2",26,814,814,814,"2",14,4,1,0,10,67,-1,1,0,0,0,"0","0","0",17,13,30,2,3,0
"1197","2",8,700,700,700,"2",14,4,1,1,8,67,5,1,0,0,0,"1","3","0",17,13,30,2,3,0
"1201","2",79,649,649,649,"2",15,4,1,0,10,79,2,1,0,0,0,"2","0","0",-24,13,37,2,3,1
"1204","0",30,548,548,548,"2",15,4,1,0,10,79,7,1,1,0,0,"1","3","0",-24,13,37,2,3,1
"1205","0",23,517,517,517,"2",15,4,2,0,3,79,3,1,1,0,0,"1","3","0",-24,13,37,2,3,1
"1210","2",46,447,447,447,"2",16,4,1,0,10,-5,0,1,0,0,0,"1","3","0",18,19,37,2,3,0
"1211","2",46,428,428,428,"2",16,4,2,0,10,-5,2,1,0,0,0,"1","3","0",18,19,37,2,3,0
"1216","2",12,314,314,314,"2",18,4,1,0,10,-5,4,0,0,0,0,"1","3","0",18,19,37,2,3,0
"1217","2",8,269,269,269,"2",18,4,2,0,6,-5,1,0,0,0,0,"1","3","0",18,19,37,2,3,0
"1233","2",47,113,113,113,"2",20,4,1,0,10,30,19,0,0,0,0,"1","3","0",14,26,40,2,2,0
"1235","2",28,100,100,100,"2",20,4,1,0,10,30,6,0,0,0,0,"1","3","0",14,26,40,2,1,0
"1237","2",22,92,92,92,"2",20,4,2,0,4,30,3,0,0,0,0,"1","3","0",14,26,40,1,1,0
"1239","2",19,85,85,85,"2",20,4,3,0,1,30,3,0,0,0,0,"1","3","0",14,26,40,0,1,0
"4460","2",75,900,1800,3600,"1",1,1,1,0,10,9,3,1,0,0,0,"0","2","0",0,0,0,3,3,1
"4462","2",63,837,1737,3537,"1",1,1,1,0,10,9,1,0,0,0,0,"1","3","0",0,0,0,3,3,1
"4466","0",83,712,1612,3412,"1",2,1,1,0,10,9,6,0,0,0,0,"0","1","0",0,0,0,3,3,0
"4470","2",74,630,1530,3330,"1",3,1,1,0,10,5,3,1,0,1,1,"1","3","0",0,0,0,3,3,1
"4471","2",71,595,1495,3295,"1",3,1,2,0,7,5,2,0,0,0,0,"0","1","0",0,0,0,3,3,1
"4475","0",86,518,1418,3218,"1",4,1,2,0,4,71,6,0,0,0,0,"0","1","0",0,0,0,3,3,0
"4477","0",74,451,1351,3151,"1",4,1,2,0,9,71,7,1,0,0,0,"2","2","0",0,0,0,3,3,0
"4480","0",61,365,1265,3065,"1",4,1,2,0,10,71,8,1,0,0,0,"1","3","0",0,0,0,3,3,0
"4483","2",37,255,1155,2955,"1",4,1,1,0,10,71,4,1,0,0,0,"2","2","0",0,0,0,3,3,0
"4486","2",26,163,1063,2863,"1",4,1,2,0,10,71,5,1,0,0,0,"0","2","0",0,0,0,3,3,0
"4490","2",85,108,1008,2808,"1",5,1,1,0,10,29,1,0,0,0,0,"2","2","0",-3,0,3,3,3,1
"4492","2",84,63,963,2763,"1",5,1,3,0,9,29,21,1,0,1,1,"2","0","0",-3,0,3,3,3,1
"4495","2",67,900,900,2700,"1",5,2,2,0,19,29,2,1,0,1,1,"1","3","0",-3,0,3,3,3,1
"4499","0",64,790,790,2590,"1",6,2,1,0,10,23,3,1,0,0,0,"2","2","0",3,0,3,3,3,0
"4503","2",85,694,694,2494,"1",7,2,1,0,10,4,2,0,0,0,0,"2","2","0",-3,0,3,3,3,1
"4507","0",67,596,596,2396,"1",8,2,1,0,10,-8,0,0,0,0,0,"0","2","0",3,0,3,3,3,0
"4512","2",62,478,478,2278,"1",9,2,2,0,3,47,10,0,0,0,0,"0","0","0",-3,0,3,3,3,1
"4514","0",43,427,427,2227,"1",9,2,2,0,1,47,4,1,0,0,0,"0","2","0",-3,0,3,3,3,1
"4519","0",37,285,285,2085,"1",9,2,2,0,19,47,14,0,0,0,0,"1","3","0",-3,0,3,3,3,1
"4523","0",75,197,197,1997,"1",10,2,1,0,10,71,14,1,0,0,0,"0","2","0",0,3,3,3,3,0
"4529","0",51,86,86,1886,"1",10,2,1,0,10,71,5,0,0,0,0,"2","0","0",0,3,3,3,3,0
"4532","2",39,22,22,1822,"1",10,2,1,0,10,71,4,1,0,1,1,"2","1","0",0,3,3,3,3,0
"4541","0",66,872,1772,1772,"2",11,3,2,0,1,15,3,1,0,0,0,"0","2","0",3,3,6,3,3,0
"4544","0",79,759,1659,1659,"2",11,3,3,0,26,15,19,1,0,0,0,"0","2","0",3,3,6,3,3,0
"4546","2",75,712,1612,1612,"2",12,3,1,0,10,16,1,0,0,0,0,"0","0","0",-3,3,6,3,3,1
"4548","2",64,631,1531,1531,"2",12,3,1,0,10,16,2,0,0,0,0,"1","3","0",-3,3,6,3,3,1
"4553","0",81,498,1398,1398,"2",13,3,2,0,3,15,5,0,0,0,0,"2","2","0",3,3,6,3,3,0
"4555","0",76,457,1357,1357,"2",13,3,2,0,10,15,3,1,0,0,0,"2","1","0",3,3,6,3,3,0
"4560","0",43,342,1242,1242,"2",14,3,2,0,3,16,2,1,0,0,0,"0","1","0",-3,3,6,3,3,1
"4563","2",56,257,1157,1157,"2",14,3,3,0,16,16,8,1,0,1,1,"1","3","0",-3,3,6,3,3,1
"4565","0",99,216,1116,1116,"2",15,3,1,0,10,30,8,0,0,0,0,"1","3","0",3,3,6,3,3,0
"4566","0",91,183,1083,1083,"2",15,3,2,0,2,30,1,0,0,0,0,"2","1","0",3,3,6,3,3,0
"4567","0",90,143,1043,1043,"2",15,3,3,0,1,30,5,1,0,0,0,"1","3","0",3,3,6,3,3,0
"4568","0",85,111,1011,1011,"2",15,3,1,0,10,30,7,1,0,0,0,"0","2","0",3,3,6,3,3,0
"4569","0",78,70,970,970,"2",15,3,2,0,3,30,2,0,0,0,0,"2","1","0",3,3,6,3,3,0
"4570","0",76,27,927,927,"2",15,3,3,0,1,30,2,1,0,0,0,"1","3","0",3,3,6,3,3,0
"4572","0",74,900,900,900,"2",15,4,1,0,10,30,-4,1,0,0,0,"0","0","0",3,3,6,3,3,0
"4579","2",11,773,773,773,"2",17,4,2,0,10,11,8,1,0,0,0,"1","3","0",3,3,6,3,3,0
"4580","2",3,733,733,733,"2",17,4,3,0,2,11,1,1,0,0,0,"0","2","0",3,3,6,3,3,0
"4581","2",2,701,701,701,"2",17,4,4,0,1,11,2,1,0,0,0,"1","3","2",3,3,12,3,3,0
"4584","2",75,695,695,695,"2",18,4,1,0,10,61,0,1,0,0,0,"0","1","0",-10,3,13,3,3,1
"4597","0",75,361,361,361,"2",19,4,1,0,10,2,1,0,0,0,0,"1","3","0",7,6,13,2,3,0
"4599","0",65,283,283,283,"2",19,4,1,0,10,2,1,1,0,0,0,"1","3","0",7,6,13,2,3,0
"4602","0",74,231,231,231,"2",19,4,3,0,19,2,1,1,0,0,0,"2","1","0",7,6,13,2,3,0
"4605","2",68,216,216,216,"2",20,4,1,0,10,68,4,1,0,0,0,"2","2","0",-7,6,13,1,3,1
"4607","2",59,180,180,180,"2",20,4,3,0,1,68,0,1,0,0,0,"2","2","0",-7,6,13,1,3,1
"4608","2",59,139,139,139,"2",20,4,4,0,1,68,1,0,0,0,0,"1","3","0",-7,6,13,1,2,1
"4617","0",31,52,52,52,"2",20,4,4,0,10,68,18,1,0,1,1,"2","0","0",-7,6,13,1,2,1
"4620","0",8,42,42,42,"2",20,4,1,0,5,68,4,1,0,1,1,"2","0","0",-7,6,13,0,2,1
"5699","2",85,875,1775,3575,"1",1,1,1,0,20,9,4,1,0,1,1,"1","3","0",0,0,0,3,3,1
"5706","0",75,782,1682,3482,"1",3,1,1,0,10,4,2,0,0,0,0,"2","0","0",-7,7,0,3,3,0
"5707","0",73,744,1644,3444,"1",3,1,2,0,8,4,8,0,0,0,0,"1","3","0",-7,7,0,3,3,0
"5710","0",75,660,1560,3360,"1",3,1,2,0,20,4,4,1,0,0,0,"1","3","0",-7,7,0,3,3,0
"5714","2",56,566,1466,3266,"1",4,1,2,0,4,62,5,0,0,0,0,"1","3","0",7,7,0,3,3,1
"5716","0",23,481,1381,3181,"1",4,1,1,0,10,62,-3,0,0,0,0,"1","3","0",7,7,0,3,3,1
"5717","0",26,444,1344,3144,"1",4,1,2,0,13,62,4,0,0,0,0,"2","0","0",7,7,0,3,3,1
"5721","0",74,386,1286,3086,"1",5,1,1,0,10,28,4,0,0,0,0,"1","3","0",-14,14,0,3,3,0
"5723","2",47,302,1202,3002,"1",5,1,1,0,10,28,1,0,0,0,0,"1","3","0",-14,14,0,3,3,0
"5728","2",83,160,1060,2860,"1",6,1,2,0,8,0,-7,0,0,0,0,"0","0","0",14,14,0,3,3,1
"5732","2",26,63,963,2763,"1",7,1,1,0,10,10,1,0,0,0,0,"0","0","0",-14,14,0,3,3,0
"5734","2",35,38,938,2738,"1",7,1,2,0,19,10,-5,0,0,0,0,"0","0","0",-14,14,0,3,3,0
"5738","2",85,856,856,2656,"1",8,2,1,0,10,32,0,0,0,0,0,"1","3","0",14,14,0,3,3,1
"5741","2",59,769,769,2569,"1",8,2,1,0,10,32,-4,0,0,0,0,"2","0","0",14,14,0,3,3,1
"5743","2",63,723,723,2523,"1",8,2,3,0,14,32,10,1,0,1,1,"2","1","0",14,14,0,3,3,1
"5745","0",67,689,689,2489,"1",9,2,1,0,10,4,4,0,0,0,0,"1","3","0",-14,14,0,3,3,0
"5751","2",89,570,570,2370,"1",10,2,2,0,19,4,5,1,0,1,1,"1","3","0",14,14,0,3,3,1
"5755","0",79,472,472,2272,"1",11,2,2,0,10,22,7,0,0,0,0,"2","0","0",-14,14,0,3,3,0
"5756","0",82,444,444,2244,"1",11,2,2,0,13,22,12,1,0,1,1,"2","0","0",-14,14,0,3,3,0
"5758","0",70,426,426,2226,"1",11,2,3,0,1,22,3,0,0,0,0,"1","3","0",-14,14,0,2,3,0
"5759","0",67,385,385,2185,"1",11,2,1,0,10,22,8,0,0,0,0,"0","0","0",-14,14,0,2,3,0
"5760","0",59,342,342,2142,"1",11,2,2,0,2,22,1,1,0,0,0,"1","3","0",-14,14,0,2,3,0
"5761","0",58,306,306,2106,"1",11,2,3,0,1,22,2,0,0,0,0,"1","3","0",-14,14,0,2,3,0
"5790","0",61,819,1719,1719,"2",15,3,1,0,10,55,-1,0,0,0,0,"2","0","0",-14,14,0,3,3,0
"5793","2",15,736,1636,1636,"2",15,3,1,0,10,55,4,1,0,0,0,"1","3","0",-14,14,0,3,3,0
"5798","0",43,644,1544,1544,"2",16,3,1,0,10,58,0,0,0,0,0,"1","3","0",14,14,0,3,3,1
"5800","0",28,560,1460,1460,"2",16,3,1,0,10,58,4,0,0,0,0,"1","3","0",14,14,0,3,3,1
"5801","0",24,517,1417,1417,"2",16,3,2,0,6,58,2,0,0,0,0,"1","3","0",14,14,0,3,3,1
"5805","0",75,474,1374,1374,"2",17,3,1,0,10,28,0,0,0,0,0,"1","3","0",-17,17,0,3,3,0
"5806","0",75,434,1334,1334,"2",17,3,2,0,10,28,11,0,0,0,0,"0","2","0",-17,17,0,3,3,0
"5807","0",64,399,1299,1299,"2",17,3,1,0,10,28,2,0,1,0,0,"0","0","0",-17,17,0,3,3,0
"5810","0",54,269,1169,1169,"2",17,3,1,0,10,28,1,1,0,0,0,"1","3","0",-17,17,0,3,3,0
"5813","2",40,195,1095,1095,"2",17,3,1,0,10,28,-1,0,0,0,0,"0","0","0",-17,17,0,3,3,0
"5818","2",77,25,925,925,"2",18,3,2,0,7,3,0,0,0,0,0,"1","3","0",17,17,0,3,3,1
"5828","2",10,742,742,742,"2",19,4,1,1,10,66,9,0,0,1,1,"2","0","0",-17,17,0,3,3,0
"5829","2",1,728,728,728,"2",19,4,1,1,1,66,1,0,0,0,0,"0","0","2",-17,17,6,3,3,0
"5835","0",45,668,668,668,"2",20,4,1,0,10,45,0,0,0,0,0,"1","3","0",10,17,7,3,3,1
"5838","0",33,569,569,569,"2",20,4,1,0,10,45,-5,0,0,0,0,"2","0","0",10,17,7,3,3,1
"5843","0",75,454,454,454,"2",21,4,1,0,10,-7,7,1,0,1,1,"0","0","0",-13,20,7,3,3,0
"5845","0",61,401,401,401,"2",21,4,1,0,10,-7,1,1,0,1,1,"2","0","0",-13,20,7,3,3,0
"5850","2",78,278,278,278,"2",22,4,1,0,10,74,69,0,0,0,0,"1","3","0",13,20,7,3,3,1
"5851","0",9,222,222,222,"2",22,4,1,1,9,74,2,0,0,0,0,"1","3","0",13,20,7,3,3,1
"5853","0",7,217,217,217,"2",22,4,2,1,7,74,0,0,0,0,0,"2","0","0",13,20,7,3,2,1
"5855","0",7,213,213,213,"2",22,4,3,1,7,74,3,0,0,0,0,"1","3","0",13,20,7,3,1,1
"5858","0",96,203,203,203,"2",23,4,1,0,10,81,5,0,0,0,0,"1","3","0",-13,20,7,3,0,0
"10700","0",65,858,1758,3558,"1",1,1,1,0,10,39,2,0,0,0,0,"1","3","0",0,0,0,3,3,0
"10705","2",40,698,1598,3398,"1",1,1,3,0,2,39,1,0,0,0,0,"0","0","0",0,0,0,3,3,0
"10707","2",99,666,1566,3366,"1",2,1,1,0,10,3,2,0,0,0,0,"1","3","0",0,0,0,3,3,1
"10708","2",97,625,1525,3325,"1",2,1,2,0,8,3,4,0,0,0,0,"0","1","0",0,0,0,3,3,1
"10712","0",53,547,1447,3247,"1",3,1,1,0,10,53,28,1,0,0,0,"2","1","0",0,0,0,3,3,0
"10717","2",68,461,1361,3161,"1",4,1,2,0,3,68,3,0,0,0,0,"1","3","0",-7,0,7,3,3,1
"10719","0",46,385,1285,3085,"1",4,1,1,0,10,68,1,0,0,0,0,"2","2","0",-7,0,7,3,3,1
"10720","0",45,340,1240,3040,"1",4,1,2,0,9,68,10,1,0,0,0,"0","1","0",-7,0,7,3,3,1
"10722","0",11,280,1180,2980,"1",4,1,1,0,10,68,3,1,0,0,0,"0","2","0",-7,0,7,3,3,1
"10727","0",74,186,1086,2886,"1",5,1,1,0,10,-1,4,1,0,0,0,"2","0","0",4,3,7,3,3,0
"10736","0",69,71,971,2771,"1",7,1,1,0,10,69,3,0,0,0,0,"1","3","0",4,3,7,3,3,0
"10745","2",75,819,819,2619,"1",8,2,1,0,10,12,11,0,0,0,0,"0","1","0",-11,3,14,3,3,1
"10746","2",64,779,779,2579,"1",8,2,1,0,10,12,1,0,0,0,0,"0","2","0",-11,3,14,3,3,1
"10751","0",93,708,708,2508,"1",9,2,2,0,10,2,2,0,0,0,0,"0","2","0",11,3,14,3,3,0
"10754","2",55,660,660,2460,"1",10,2,1,0,10,-7,1,1,0,0,0,"0","0","0",-11,3,14,3,3,1
"10755","2",54,628,628,2428,"1",10,2,2,0,9,-7,4,1,0,0,0,"1","3","0",-11,3,14,3,3,1
"10759","0",64,523,523,2323,"1",11,2,1,0,10,49,3,0,0,0,0,"2","2","0",11,3,14,3,3,0
"10760","0",61,490,490,2290,"1",11,2,2,0,7,49,6,1,0,0,0,"2","1","0",11,3,14,3,3,0
"10761","0",55,451,451,2251,"1",11,2,3,0,1,49,2,0,0,0,0,"1","3","0",11,3,14,3,3,0
"10776","0",76,141,141,1941,"1",13,2,1,0,10,43,7,0,0,0,0,"2","1","0",14,3,17,3,3,0
"10778","0",69,120,120,1920,"1",13,2,2,0,3,43,2,1,0,0,0,"1","3","0",14,3,17,3,3,0
"10798","2",75,900,1800,1800,"2",16,3,1,0,10,75,13,0,0,0,0,"0","1","0",-11,6,17,3,3,1
"10799","2",62,863,1763,1763,"2",16,3,1,0,10,75,8,0,0,0,0,"1","3","0",-11,6,17,3,3,1
"10800","2",54,823,1723,1723,"2",16,3,2,0,2,75,6,0,0,0,0,"1","3","0",-11,6,17,3,3,1
"10801","0",48,784,1684,1684,"2",16,3,1,0,10,75,2,0,0,0,0,"2","0","0",-11,6,17,3,3,1
"10804","2",51,718,1618,1618,"2",16,3,1,0,10,75,5,0,0,0,0,"1","3","0",-11,6,17,3,3,1
"10809","0",24,534,1434,1434,"2",16,3,1,0,10,75,6,0,0,0,0,"0","1","0",-11,6,17,3,3,1
"10810","0",18,495,1395,1395,"2",16,3,2,0,4,75,3,0,0,0,0,"1","3","0",-11,6,17,3,3,1
"10811","0",15,451,1351,1351,"2",16,3,3,0,1,75,0,0,0,0,0,"1","3","0",-11,6,17,3,3,1
"10812","0",15,416,1316,1316,"2",16,3,4,0,1,75,2,0,0,0,0,"2","2","0",-11,6,17,3,3,1
"10813","0",13,375,1275,1275,"2",16,3,1,0,10,75,2,0,0,0,0,"0","1","0",-11,6,17,3,3,1
"10814","0",11,331,1231,1231,"2",16,3,2,0,8,75,4,0,0,0,0,"1","3","0",-11,6,17,3,3,1
"10818","0",80,269,1169,1169,"2",17,3,1,0,10,6,0,0,0,0,0,"2","2","0",4,13,17,3,3,0
"10822","2",93,177,1077,1077,"2",18,3,1,0,10,93,81,0,0,0,0,"0","1","0",-4,13,17,3,3,1
"10824","0",22,101,1001,1001,"2",18,3,1,0,20,93,4,0,0,0,0,"2","2","0",-4,13,17,3,3,1
"10829","0",60,65,965,965,"2",19,3,1,0,10,17,2,0,0,0,0,"2","0","0",-3,20,17,3,3,0
"10834","2",89,16,916,916,"2",20,3,1,0,15,9,13,0,0,0,0,"0","2","0",3,20,17,3,3,1
"10836","2",76,900,900,900,"2",20,4,2,0,2,9,3,0,0,0,0,"1","3","0",3,20,17,3,3,1
"10838","2",73,852,852,852,"2",20,4,2,0,10,9,11,0,0,0,0,"0","0","0",3,20,17,3,3,1
"10839","2",62,817,817,817,"2",20,4,1,0,10,9,4,0,0,0,0,"0","1","0",3,20,17,3,3,1
"10845","2",44,652,652,652,"2",21,4,1,0,10,22,2,0,0,0,0,"2","1","0",-3,20,17,3,3,0
"10850","2",91,556,556,556,"2",22,4,2,0,7,78,26,0,0,0,0,"0","1","0",3,20,17,3,3,1
"10851","2",65,510,510,510,"2",22,4,1,0,10,78,2,0,0,0,0,"1","3","0",3,20,17,3,3,1
"10852","2",63,468,468,468,"2",22,4,2,0,8,78,4,0,0,0,0,"0","2","0",3,20,17,3,3,1
"10854","2",54,379,379,379,"2",22,4,1,0,10,78,16,0,0,0,0,"0","1","0",3,20,17,3,3,1
"10855","0",38,332,332,332,"2",22,4,1,0,10,78,3,0,0,0,0,"2","2","0",3,20,17,3,3,1
"10856","0",35,289,289,289,"2",22,4,2,0,7,78,3,0,0,0,0,"0","2","0",3,20,17,3,3,1
"10858","0",19,200,200,200,"2",22,4,1,0,10,78,2,0,0,0,0,"0","0","0",3,20,17,3,3,1
"10860","0",17,191,191,191,"2",22,4,2,0,8,78,1,0,0,0,0,"2","0","0",3,20,17,3,2,1
"10870","2",30,113,113,113,"2",23,4,2,0,8,75,5,1,0,0,0,"2","0","0",-6,23,17,2,1,0
"10878","0",27,68,68,68,"2",24,4,1,0,10,60,0,0,0,0,0,"0","0","0",-1,23,24,2,1,1
"10881","0",20,50,50,50,"2",24,4,1,1,20,60,3,1,0,0,0,"0","1","0",-1,23,24,2,1,1
"10883","0",17,45,45,45,"2",24,4,2,1,17,60,2,1,0,0,0,"1","3","0",-1,23,24,2,0,1
"11403","0",78,894,1794,3594,"1",1,1,1,0,10,78,16,0,0,0,0,"0","0","0",0,0,0,3,3,0
"11405","2",47,839,1739,3539,"1",1,1,1,0,10,78,6,1,0,0,0,"2","2","0",0,0,0,3,3,0
"11408","2",30,737,1637,3437,"1",1,1,1,0,10,78,5,1,0,0,0,"0","2","0",0,0,0,3,3,0
"11412","2",5,569,1469,3269,"1",1,1,1,1,5,78,5,1,0,0,0,"2","0","2",0,0,6,3,3,0
"11416","2",55,535,1435,3235,"1",2,1,1,0,10,75,3,0,0,0,0,"1","3","0",-7,0,7,3,3,1
"11422","0",68,419,1319,3119,"1",3,1,2,0,3,11,4,1,0,0,0,"0","1","0",0,7,7,3,3,0
"11428","2",70,373,1273,3073,"1",4,1,1,0,5,1,1,0,0,0,0,"2","0","0",0,7,7,3,3,1
"11433","0",86,301,1201,3001,"1",5,1,1,0,10,8,-2,0,0,0,0,"0","2","0",0,7,7,3,3,0
"11438","2",24,206,1106,2906,"1",7,1,1,0,10,24,5,1,0,0,0,"2","1","0",0,7,7,3,3,0
"11445","2",63,77,977,2777,"1",8,1,1,0,10,31,14,0,0,0,0,"0","2","0",-7,7,14,3,3,1
"11446","0",49,52,952,2752,"1",8,1,1,0,10,31,3,0,0,0,0,"0","2","0",-7,7,14,3,3,1
"11449","0",41,900,900,2700,"1",8,2,3,0,2,31,3,0,0,0,0,"0","0","0",-7,7,14,3,3,1
"11455","2",75,812,812,2612,"1",9,2,1,0,10,16,1,0,0,0,0,"2","2","0",-14,7,21,3,3,1
"11458","2",59,743,743,2543,"1",9,2,1,0,10,16,-1,0,0,0,0,"0","1","0",-14,7,21,3,3,1
"11459","2",60,701,701,2501,"1",9,2,2,0,11,16,1,0,0,0,0,"2","1","0",-14,7,21,3,3,1
"11463","0",61,635,635,2435,"1",10,2,2,0,10,4,4,0,0,0,0,"0","2","0",14,7,21,3,3,0
"11467","0",48,549,549,2349,"1",11,2,1,0,10,83,2,0,0,0,0,"2","2","0",-14,7,21,3,3,1
"11469","0",16,458,458,2258,"1",11,2,1,0,10,83,6,0,0,0,0,"0","2","0",-14,7,21,3,3,1
"11470","0",10,416,416,2216,"1",11,2,2,0,4,83,-1,1,0,0,0,"0","2","0",-14,7,21,3,3,1
"11476","0",87,321,321,2121,"1",12,2,2,0,24,35,11,0,0,0,0,"0","1","0",7,14,21,3,3,0
"11482","2",54,177,177,1977,"1",13,2,1,0,10,37,0,0,0,0,0,"0","1","0",-7,14,21,3,3,1
"11488","0",25,77,77,1877,"1",13,2,2,0,10,37,4,1,0,0,0,"1","3","0",-7,14,21,3,3,1
"11493","0",75,58,58,1858,"1",14,2,1,0,10,1,1,1,0,0,0,"2","1","0",4,17,21,3,2,0
"11503","2",75,896,1796,1796,"2",16,3,2,0,10,7,7,0,0,0,0,"0","2","0",-4,17,21,3,3,1
"11506","0",84,841,1741,1741,"2",17,3,1,0,10,84,84,0,0,0,0,"0","2","2",4,17,27,3,3,0
"11509","2",75,829,1729,1729,"2",18,3,1,0,10,75,0,0,0,0,0,"0","2","0",-11,17,28,3,3,1
"11515","0",1,630,1530,1530,"2",18,3,1,1,1,75,1,0,0,0,0,"1","3","1",-11,23,28,3,3,1
"11518","0",75,627,1527,1527,"2",19,3,1,0,10,47,4,0,0,0,0,"0","2","0",4,24,28,3,3,0
"11522","2",30,515,1415,1415,"2",19,3,1,0,10,47,-2,1,0,0,0,"1","3","0",4,24,28,3,3,0
"11523","2",32,471,1371,1371,"2",19,3,2,0,12,47,4,1,0,1,1,"0","2","0",4,24,28,3,3,0
"11526","2",64,410,1310,1310,"2",20,3,1,0,10,15,9,0,0,1,1,"1","3","0",-4,24,28,3,3,1
"11527","2",55,372,1272,1272,"2",20,3,2,0,1,15,2,0,0,0,0,"0","2","0",-4,24,28,3,3,1
"11529","2",58,302,1202,1202,"2",20,3,1,0,15,15,3,1,0,0,0,"1","3","0",-4,24,28,3,3,1
"11532","2",59,228,1128,1128,"2",20,3,3,0,16,15,10,1,0,1,1,"1","3","0",-4,24,28,3,3,1
"11534","0",94,183,1083,1083,"2",21,3,1,0,10,87,2,0,0,0,0,"2","2","0",4,24,28,3,3,0
"11536","0",83,93,993,993,"2",21,3,1,0,10,87,18,0,0,0,0,"2","2","0",4,24,28,3,3,0
"11538","0",59,12,912,912,"2",21,3,2,0,4,87,16,0,0,0,0,"0","2","0",4,24,28,3,3,0
"11540","2",43,900,900,900,"2",21,4,1,0,10,87,7,0,0,0,0,"0","1","0",4,24,28,3,3,0
"11542","2",36,872,872,872,"2",21,4,3,0,3,87,10,1,0,0,0,"0","1","0",4,24,28,3,3,0
"11543","2",26,831,831,831,"2",21,4,1,0,10,87,3,0,0,0,0,"2","1","0",4,24,28,3,3,0
"11546","2",14,761,761,761,"2",21,4,2,0,10,87,9,1,0,0,0,"2","0","0",4,24,28,3,3,0
"11548","2",5,719,719,719,"2",21,4,4,0,1,87,-2,0,0,0,0,"0","1","0",4,24,28,3,3,0
"11549","2",93,713,713,713,"2",22,4,1,0,10,73,48,0,0,0,0,"0","1","0",-4,24,28,3,3,1
"11550","0",45,669,669,669,"2",22,4,1,0,10,73,4,0,0,0,0,"1","3","0",-4,24,28,3,3,1
"11551","0",41,625,625,625,"2",22,4,2,0,6,73,5,0,0,0,0,"1","3","0",-4,24,28,3,3,1
"11552","0",36,579,579,579,"2",22,4,3,0,1,73,2,0,0,0,0,"2","1","0",-4,24,28,3,3,1
"11554","0",27,503,503,503,"2",22,4,2,0,3,73,-1,0,0,0,0,"0","2","0",-4,24,28,3,3,1
"11555","0",28,459,459,459,"2",22,4,3,0,4,73,8,1,0,1,1,"1","3","0",-4,24,28,3,3,1
"11556","0",20,413,413,413,"2",22,4,1,0,10,73,0,0,0,0,0,"0","1","0",-4,24,28,3,3,1
"11561","0",75,352,352,352,"2",23,4,1,0,10,75,2,1,0,0,0,"2","2","0",1,27,28,3,3,0
"11564","0",59,226,226,226,"2",23,4,1,0,10,75,59,0,0,0,0,"1","3","2",1,27,34,3,3,0
"11567","2",75,214,214,214,"2",24,4,1,0,10,30,5,1,0,1,1,"2","0","0",-7,27,34,3,3,1
"11569","2",60,200,200,200,"2",24,4,1,0,10,30,11,1,0,1,1,"1","3","0",-7,27,34,3,3,1
"11574","0",55,139,139,139,"2",25,4,1,0,10,16,18,1,0,0,0,"2","1","0",7,27,34,3,3,0
"11576","2",37,131,131,131,"2",25,4,1,0,10,16,-2,0,0,0,0,"1","3","0",7,27,34,2,3,0
"11578","2",39,120,120,120,"2",25,4,2,0,12,16,0,1,0,0,0,"1","3","0",7,27,34,2,3,0
"14818","0",59,838,1738,3538,"1",1,1,1,0,10,24,1,0,0,0,0,"2","0","0",0,0,0,3,3,0
"14819","0",58,805,1705,3505,"1",1,1,2,0,9,24,7,0,0,0,0,"1","3","0",0,0,0,3,3,0
"14823","2",91,758,1658,3458,"1",2,1,1,0,10,20,4,0,0,0,0,"1","3","0",0,0,0,3,2,1
"14826","2",80,683,1583,3383,"1",2,1,2,0,10,20,3,0,0,0,0,"1","3","0",0,0,0,3,2,1
"14830","0",61,561,1461,3261,"1",3,1,2,0,1,26,2,0,0,0,0,"1","3","0",0,0,0,3,2,0
"14832","0",59,524,1424,3224,"1",3,1,2,0,10,26,1,0,0,0,0,"1","3","0",0,0,0,3,2,0
"14834","2",49,430,1330,3130,"1",3,1,1,0,10,26,5,1,0,0,0,"1","3","0",0,0,0,3,2,0
"14838","2",98,364,1264,3064,"1",4,1,1,0,10,2,2,0,0,0,0,"1","3","0",0,0,0,3,1,1
"14842","2",37,300,1200,3000,"1",5,1,1,0,10,8,-3,0,0,0,0,"1","3","0",0,0,0,3,1,0
"14851","2",80,149,1049,2849,"1",6,1,1,0,15,5,2,1,0,1,1,"1","3","0",-3,0,3,3,1,1
"14852","2",78,113,1013,2813,"1",6,1,2,0,13,5,8,0,0,0,0,"0","0","0",-3,0,3,3,1,1
"14858","0",56,900,900,2700,"1",7,2,1,0,10,33,0,0,0,0,0,"1","3","0",3,0,3,3,1,0
"14862","2",85,801,801,2601,"1",8,2,1,0,10,6,2,0,0,0,0,"1","3","0",-3,0,3,3,1,1
"14863","2",83,764,764,2564,"1",8,2,2,0,8,6,4,0,0,0,0,"0","0","0",-3,0,3,3,1,1
"14867","0",82,678,678,2478,"1",9,2,1,0,10,6,-2,0,0,0,0,"0","0","0",3,0,3,3,1,0
"14872","2",58,547,547,2347,"1",10,2,1,0,10,66,1,0,0,0,0,"2","0","0",-3,0,3,3,1,1
"14873","2",57,513,513,2313,"1",10,2,2,0,9,66,3,0,0,0,0,"1","3","0",-3,0,3,3,1,1
"14875","0",32,434,434,2234,"1",10,2,1,0,10,66,3,0,0,0,0,"1","3","0",-3,0,3,3,1,1
"14877","0",20,369,369,2169,"1",10,2,1,0,10,66,3,0,0,0,0,"1","3","0",-3,0,3,3,1,1
"14878","0",17,330,330,2130,"1",10,2,2,0,7,66,0,0,0,0,0,"0","0","0",-3,0,3,3,1,1
"14880","0",8,252,252,2052,"1",10,2,1,1,8,66,3,0,0,0,0,"2","0","0",-3,0,3,3,1,1
"14881","0",5,210,210,2010,"1",10,2,2,1,5,66,1,1,0,0,0,"1","3","0",-3,0,3,3,1,1
"14904","2",55,860,1760,1760,"2",13,3,1,0,10,20,0,0,0,0,0,"1","3","0",0,3,3,3,3,1
"14907","0",60,809,1709,1709,"2",14,3,1,0,10,57,6,0,0,0,0,"1","3","0",0,3,3,3,3,0
"14908","0",54,769,1669,1669,"2",14,3,2,0,4,57,12,0,0,0,0,"0","0","0",0,3,3,3,3,0
"14910","2",35,722,1622,1622,"2",14,3,1,0,3,57,2,0,0,0,0,"1","3","0",0,3,3,3,3,0
"14911","2",33,682,1582,1582,"2",14,3,2,0,1,57,15,0,0,0,0,"1","3","0",0,3,3,3,3,0
"14913","2",10,601,1501,1501,"2",14,3,2,0,2,57,4,0,0,0,0,"1","3","0",0,3,3,3,3,0
"14915","2",6,557,1457,1457,"2",14,3,2,1,6,57,3,1,0,0,0,"2","0","0",0,3,3,3,3,0
"14923","0",43,424,1324,1324,"2",15,3,1,0,10,61,8,1,0,0,0,"1","3","0",-3,3,6,2,3,1
"14924","0",35,385,1285,1285,"2",15,3,2,0,2,61,1,0,0,0,0,"1","3","0",-3,3,6,2,3,1
"14925","0",34,345,1245,1245,"2",15,3,3,0,1,61,16,0,0,0,0,"0","0","0",-3,3,6,2,3,1
"14928","0",13,283,1183,1183,"2",15,3,2,0,5,61,3,0,0,0,0,"1","3","0",-3,3,6,2,3,1
"14934","0",59,115,1015,1015,"2",16,3,1,0,10,75,5,0,0,0,0,"1","3","0",0,6,6,2,3,0
"14936","2",48,35,935,935,"2",16,3,1,0,10,75,4,0,0,0,0,"1","3","0",0,6,6,2,3,0
"14939","2",44,896,896,896,"2",16,4,3,0,6,75,19,1,0,0,0,"0","0","0",0,6,6,2,3,0
"14942","2",8,790,790,790,"2",16,4,1,1,8,75,-5,1,0,0,0,"0","0","0",0,6,6,2,3,0
"14948","2",75,709,709,709,"2",17,4,1,0,10,35,2,1,0,0,0,"0","0","0",-7,6,13,2,3,1
"14952","0",48,627,627,627,"2",17,4,1,0,10,35,2,0,0,0,0,"0","0","0",-7,6,13,1,3,1
"14957","0",60,550,550,550,"2",18,4,1,0,10,-2,4,0,0,0,0,"2","0","0",7,6,13,1,3,0
"14961","2",89,457,457,457,"2",19,4,1,0,10,5,4,0,0,0,0,"1","3","0",-7,6,13,1,3,1
"14962","2",85,418,418,418,"2",19,4,2,0,6,5,1,1,0,0,0,"1","3","0",-7,6,13,1,3,1
"14965","0",60,369,369,369,"2",20,4,1,0,10,51,6,0,0,0,0,"1","3","0",7,6,13,1,3,0
"14967","2",47,287,287,287,"2",20,4,1,0,10,51,6,0,0,0,0,"1","3","0",7,6,13,1,3,0
"14969","2",41,242,242,242,"2",20,4,2,0,4,51,3,0,0,0,0,"1","3","0",7,6,13,1,2,0
"14971","2",18,152,152,152,"2",20,4,1,0,10,51,9,0,0,0,0,"1","3","0",7,6,13,1,2,0
"14973","2",9,120,120,120,"2",20,4,2,0,1,51,2,0,0,0,0,"1","3","0",7,6,13,1,2,0
"16750","2",53,826,1726,3526,"1",1,1,2,0,2,74,19,0,0,0,0,"2","2","0",0,0,0,3,3,1
"16753","0",10,727,1627,3427,"1",1,1,1,1,10,74,-3,0,0,0,0,"2","2","0",0,0,0,3,3,1
"16756","0",1,642,1542,3342,"1",1,1,4,1,1,74,0,0,0,0,0,"2","2","0",0,0,0,3,3,1
"16757","0",99,639,1539,3339,"1",2,1,1,0,10,6,4,0,0,0,0,"2","2","0",0,0,0,3,3,0
"16759","0",90,568,1468,3268,"1",2,1,3,0,1,6,-3,0,0,0,0,"0","0","0",0,0,0,3,3,0
"16761","2",77,520,1420,3220,"1",3,1,1,0,10,-13,2,0,0,0,0,"0","1","0",0,0,0,3,3,1
"16771","2",97,346,1246,3046,"1",5,1,1,0,10,-2,0,0,0,0,0,"0","1","0",0,0,0,3,3,1
"16775","2",43,210,1110,2910,"1",6,1,1,0,10,-7,4,0,0,0,0,"2","2","0",0,0,0,3,3,0
"16776","2",39,178,1078,2878,"1",6,1,2,0,6,-7,-11,1,0,0,0,"0","0","0",0,0,0,3,3,0
"16779","2",99,118,1018,2818,"1",7,1,1,0,10,59,1,0,0,0,0,"1","3","0",0,0,0,3,3,1
"16780","2",98,76,976,2776,"1",7,1,2,0,9,59,15,0,0,0,0,"0","2","0",0,0,0,3,3,1
"16781","2",83,30,930,2730,"1",7,1,1,0,10,59,20,0,0,1,1,"1","3","0",0,0,0,3,3,1
"16783","2",63,900,900,2700,"1",7,2,1,0,10,59,20,0,0,0,0,"0","0","0",0,0,0,3,3,1
"16785","0",43,865,865,2665,"1",7,2,2,0,10,59,3,1,0,0,0,"0","1","0",0,0,0,3,3,1
"16788","0",88,808,808,2608,"1",8,2,1,0,10,2,0,0,0,0,0,"2","1","0",0,0,0,3,3,0
"16789","0",88,771,771,2571,"1",8,2,2,0,10,2,2,0,0,0,0,"2","2","0",0,0,0,3,3,0
"16792","2",72,709,709,2509,"1",9,2,1,0,10,69,6,1,0,0,0,"0","0","0",0,0,0,3,3,1
"16793","2",66,669,669,2469,"1",9,2,2,0,4,69,5,0,0,0,0,"2","1","0",0,0,0,3,3,1
"16794","2",61,628,628,2428,"1",9,2,1,0,10,69,4,0,0,1,1,"2","0","0",0,0,0,3,3,1
"16796","1",50,547,547,2347,"1",9,2,1,0,10,69,7,0,0,0,0,"0","2","0",0,0,0,3,3,1
"16797","0",43,507,507,2307,"1",9,2,2,0,3,69,2,0,0,0,0,"0","0","0",0,0,0,3,3,1
"16800","0",8,432,432,2232,"1",9,2,2,1,8,69,5,0,0,0,0,"0","2","0",0,0,0,3,2,1
"16804","0",75,390,390,2190,"1",10,2,1,0,10,25,1,0,0,0,0,"0","1","0",-3,3,0,3,2,0
"16811","2",91,302,302,2102,"1",11,2,1,0,10,38,0,0,0,0,0,"2","2","0",3,3,0,3,2,1
"16812","2",91,263,263,2063,"1",11,2,2,0,10,38,16,1,0,1,1,"0","1","0",3,3,0,3,2,1
"16815","2",61,184,184,1984,"1",11,2,2,0,10,38,8,1,0,0,0,"2","0","0",3,3,0,3,2,1
"16822","2",25,107,107,1907,"1",12,2,1,0,15,80,2,1,0,0,0,"1","3","0",-3,3,0,3,2,0
"16826","2",1,94,94,1894,"1",12,2,1,1,1,80,-1,0,0,0,0,"1","3","0",-3,3,0,2,2,0
"16846","0",75,900,1800,1800,"2",15,3,1,0,10,28,1,0,0,0,0,"2","2","0",1,6,7,3,3,0
"16849","2",41,844,1744,1744,"2",15,3,1,0,10,28,3,0,0,0,0,"2","1","0",1,6,7,3,3,0
"16852","2",57,800,1700,1700,"2",16,3,1,0,10,38,7,0,0,0,0,"2","2","0",-1,6,7,3,3,1
"16853","1",50,769,1669,1669,"2",16,3,2,0,3,38,2,0,0,0,0,"0","2","0",-1,6,7,3,3,1
"16854","0",48,729,1629,1629,"2",16,3,3,0,1,38,0,0,0,0,0,"1","3","0",-1,6,7,3,3,1
"16855","0",48,686,1586,1586,"2",16,3,4,0,1,38,2,1,0,0,0,"1","3","0",-1,6,7,3,3,1
"16857","0",46,643,1543,1543,"2",16,3,2,0,10,38,13,0,0,0,0,"0","2","0",-1,6,7,3,3,1
"16858","0",33,607,1507,1507,"2",16,3,1,0,10,38,2,0,0,0,0,"2","2","0",-1,6,7,3,3,1
"16860","0",21,541,1441,1441,"2",16,3,1,0,10,38,6,0,0,0,0,"1","3","0",-1,6,7,3,3,1
"16861","0",15,506,1406,1406,"2",16,3,2,0,4,38,-6,0,0,0,0,"1","3","0",-1,6,7,3,3,1
"16862","0",21,461,1361,1361,"2",16,3,3,0,10,38,2,1,0,1,1,"1","3","0",-1,6,7,3,3,1
"16865","0",75,407,1307,1307,"2",17,3,1,0,10,-11,0,0,0,0,0,"0","1","0",-2,9,7,3,3,0
"16869","0",48,316,1216,1216,"2",18,3,1,0,10,1,3,0,0,1,1,"0","0","0",2,9,7,3,3,1
"16870","0",45,274,1174,1174,"2",18,3,2,0,7,1,-2,0,0,0,0,"2","1","0",2,9,7,3,3,1
"16873","0",91,218,1118,1118,"2",19,3,1,0,10,72,11,0,0,1,1,"0","0","0",-2,9,7,3,3,0
"16880","2",28,78,978,978,"2",19,3,1,0,10,72,9,0,0,0,0,"2","0","0",-2,9,7,3,3,0
"16885","2",75,31,931,931,"2",20,3,1,0,10,75,20,0,0,0,0,"0","1","0",-1,9,10,3,3,1
"16888","0",8,849,849,849,"2",20,4,1,1,8,75,3,0,0,0,0,"1","3","0",-1,9,10,3,3,1
"16889","0",5,805,805,805,"2",20,4,2,1,5,75,3,1,0,1,1,"1","3","0",-1,9,10,3,3,1
"16893","0",75,761,761,761,"2",21,4,1,0,10,60,-5,0,0,0,0,"1","3","0",-7,17,10,3,3,0
"16895","0",77,710,710,710,"2",21,4,3,0,12,60,17,1,0,1,1,"1","3","0",-7,17,10,3,3,0
"16896","0",60,678,678,678,"2",21,4,1,0,10,60,0,0,0,0,0,"2","1","0",-7,17,10,3,3,0
"16903","2",81,505,505,505,"2",22,4,1,0,10,14,3,0,0,0,0,"0","0","0",7,17,10,3,3,1
"16905","2",72,415,415,415,"2",22,4,3,0,1,14,2,0,0,0,0,"0","1","0",7,17,10,3,3,1
"16907","2",70,368,368,368,"2",22,4,2,0,10,14,3,0,0,0,0,"0","1","0",7,17,10,3,3,1
"16917","0",37,239,239,239,"2",25,4,1,0,10,29,13,0,0,0,0,"2","2","0",14,24,10,3,3,1
"16918","0",24,193,193,193,"2",25,4,1,0,10,29,7,0,0,0,0,"0","2","0",14,24,10,3,3,1
"16919","0",17,148,148,148,"2",25,4,2,0,3,29,0,0,0,0,0,"2","2","0",14,24,10,3,3,1
"16922","0",12,143,143,143,"2",25,4,1,0,10,29,2,0,0,0,0,"2","1","0",14,24,10,3,2,1
"16924","0",10,138,138,138,"2",25,4,2,0,8,29,-2,0,0,0,0,"0","1","0",14,24,10,3,1,1
"16926","0",12,132,132,132,"2",25,4,3,0,10,29,4,0,0,0,0,"2","2","0",14,24,10,3,0,1
"16932","1",50,100,100,100,"2",26,4,1,0,10,69,-2,1,0,0,0,"1","3","0",-17,27,10,3,0,0
"16937","2",1,58,58,58,"2",26,4,1,1,1,69,0,0,0,0,0,"1","3","0",-17,27,10,3,0,0
"16939","2",1,27,27,27,"2",26,4,3,1,1,69,1,0,0,0,0,"2","2","2",-17,27,16,3,0,0
"20436","2",75,855,1755,3555,"1",1,1,2,0,8,77,66,0,0,0,0,"1","3","0",0,0,0,3,3,1
"20437","0",9,805,1705,3505,"1",1,1,1,1,9,77,3,0,0,0,0,"1","3","0",0,0,0,3,3,1
"20442","0",89,717,1617,3417,"1",2,1,2,0,6,93,5,1,0,0,0,"1","3","0",-6,6,0,3,3,0
"20449","2",47,491,1391,3191,"1",2,1,3,0,1,93,0,0,0,0,0,"1","3","0",-6,6,0,3,3,0
"20450","2",47,446,1346,3146,"1",2,1,4,0,1,93,2,0,0,0,0,"1","3","0",-6,6,0,3,3,0
"20453","2",27,340,1240,3040,"1",2,1,2,0,5,93,3,0,0,0,0,"1","3","0",-6,6,0,3,3,0
"20465","2",73,121,1021,2821,"1",5,1,1,0,10,73,3,0,0,0,0,"1","3","0",-1,6,7,3,3,1
"20469","0",75,71,971,2771,"1",6,1,1,0,10,-13,0,0,0,0,0,"0","0","0",-6,13,7,3,3,0
"20471","0",85,2,902,2702,"1",6,1,2,0,20,-13,4,1,0,0,0,"0","0","0",-6,13,7,3,3,0
"20475","0",36,841,841,2641,"1",7,2,1,0,10,-1,0,0,0,0,0,"1","3","0",6,13,7,3,3,1
"20478","0",63,783,783,2583,"1",8,2,1,0,10,-2,2,0,0,0,0,"1","3","0",-6,13,7,3,3,0
"20482","2",95,713,713,2513,"1",9,2,1,0,10,84,0,0,0,0,0,"1","3","0",6,13,7,3,3,1
"20485","2",60,614,614,2414,"1",9,2,1,0,10,84,-4,1,0,0,0,"1","3","0",6,13,7,3,3,1
"20486","2",64,572,572,2372,"1",9,2,2,0,14,84,3,1,0,0,0,"0","0","0",6,13,7,3,3,1
"20489","0",42,455,455,2255,"1",9,2,2,0,5,84,-3,0,0,0,0,"2","0","0",6,13,7,3,3,1
"20490","0",45,411,411,2211,"1",9,2,3,0,8,84,13,1,0,1,1,"1","3","0",6,13,7,3,3,1
"20492","0",22,330,330,2130,"1",9,2,1,0,10,84,9,0,0,0,0,"2","0","0",6,13,7,3,3,1
"20493","0",13,307,307,2107,"1",9,2,2,0,1,84,0,0,0,0,0,"2","0","0",6,13,7,3,3,1
"20496","0",7,231,231,2031,"1",9,2,1,1,7,84,1,0,0,0,0,"1","3","0",6,13,7,3,3,1
"20498","0",6,201,201,2001,"1",9,2,3,1,6,84,-5,0,0,0,0,"0","0","0",6,13,7,3,3,1
"20501","0",75,177,177,1977,"1",10,2,1,0,10,-10,4,1,0,0,0,"2","0","0",-9,16,7,3,3,0
"20507","2",64,103,103,1903,"1",11,2,1,0,10,39,3,1,0,1,1,"2","2","0",9,16,7,3,3,1
"20524","0",69,866,1766,1766,"2",13,3,2,0,4,13,3,0,0,0,0,"1","3","0",-12,19,7,3,3,0
"20530","2",79,640,1540,1540,"2",14,3,1,0,10,7,5,0,0,0,0,"1","3","0",12,19,7,3,3,1
"20531","2",74,599,1499,1499,"2",14,3,2,0,5,7,0,0,0,0,0,"1","3","0",12,19,7,3,3,1
"20534","2",79,505,1405,1405,"2",14,3,1,0,20,7,1,0,0,0,0,"1","3","0",12,19,7,3,3,1
"20539","0",67,408,1308,1308,"2",15,3,2,0,10,-3,3,1,0,0,0,"0","0","0",-12,19,7,3,3,0
"20543","2",66,274,1174,1174,"2",16,3,2,0,6,64,1,1,0,0,0,"1","3","0",12,19,7,3,3,1
"20544","2",65,233,1133,1133,"2",16,3,3,0,5,64,5,1,0,1,1,"0","0","0",12,19,7,3,3,1
"20546","0",9,186,1086,1086,"2",16,3,1,1,9,64,3,1,0,0,0,"1","3","0",12,19,7,3,3,1
"20552","0",59,89,989,989,"2",17,3,1,0,10,75,3,0,0,0,0,"0","0","0",-15,22,7,3,3,0
"20557","2",33,900,900,900,"2",17,4,1,0,10,75,13,0,0,0,0,"2","0","0",-15,22,7,3,3,0
"20563","2",75,787,787,787,"2",18,4,1,0,10,30,11,1,0,1,1,"0","0","0",7,22,15,2,3,1
"20564","2",64,753,753,753,"2",18,4,1,0,10,30,2,0,0,0,0,"1","3","0",7,22,15,2,3,1
"20574","0",24,519,519,519,"2",20,4,1,0,10,24,0,0,0,0,0,"2","0","0",7,22,15,2,3,1
"20575","0",24,479,479,479,"2",20,4,2,0,10,24,0,0,0,0,0,"1","3","0",7,22,15,2,3,1
"20577","0",9,426,426,426,"2",20,4,1,1,9,24,1,1,0,0,0,"1","3","0",7,22,15,2,3,1
"20579","0",1,370,370,370,"2",20,4,1,1,1,24,0,0,0,0,0,"1","3","0",7,22,15,2,3,1
"20580","0",1,311,311,311,"2",20,4,2,1,1,24,-7,0,0,0,0,"2","0","0",7,22,15,2,3,1
"20591","2",68,193,193,193,"2",22,4,1,0,20,-6,-1,0,0,0,0,"1","3","0",14,29,15,1,3,1
"20593","2",69,189,189,189,"2",22,4,2,0,21,-6,-1,0,0,0,0,"1","3","0",14,29,15,1,2,1
"20595","2",70,183,183,183,"2",22,4,3,0,22,-6,6,0,0,0,0,"1","3","0",14,29,15,1,1,1
"20607","0",69,34,34,34,"2",25,4,1,0,10,5,5,1,0,0,0,"1","3","0",-14,29,15,1,0,0
"21665","0",71,865,1765,3565,"1",1,1,1,0,10,47,9,1,0,0,0,"2","2","0",0,0,0,3,3,0
"21666","0",62,835,1735,3535,"1",1,1,2,0,1,47,3,0,0,0,0,"0","1","0",0,0,0,3,3,0
"21667","0",59,800,1700,3500,"1",1,1,1,0,10,47,2,1,0,0,0,"2","2","0",0,0,0,3,3,0
"21671","2",42,679,1579,3379,"1",1,1,3,0,4,47,5,1,0,1,1,"0","0","0",0,0,0,3,3,0
"21674","0",52,634,1534,3334,"1",1,1,1,0,25,47,1,1,0,0,0,"2","1","0",0,0,0,3,2,0
"21683","2",67,424,1324,3124,"1",2,1,1,0,10,20,3,0,0,0,0,"2","2","0",-3,0,3,3,2,1
"21687","0",94,330,1230,3030,"1",3,1,1,0,10,20,4,1,0,0,0,"0","2","0",3,0,3,3,2,0
"21688","0",90,301,1201,3001,"1",3,1,2,0,6,20,-2,0,0,0,0,"0","1","0",3,0,3,3,2,0
"21690","0",81,237,1137,2937,"1",3,1,1,0,10,20,3,1,0,0,0,"1","3","0",3,0,3,3,2,0
"21691","0",78,206,1106,2906,"1",3,1,2,0,7,20,4,1,0,0,0,"2","1","0",3,0,3,3,2,0
"21695","2",66,107,1007,2807,"1",4,1,2,0,4,15,7,0,0,0,0,"2","1","0",-3,0,3,3,2,1
"21697","2",59,30,930,2730,"1",4,1,2,0,10,15,0,0,0,0,0,"1","3","0",-3,0,3,3,2,1
"21702","0",80,849,849,2649,"1",5,2,1,0,10,80,5,1,0,0,0,"2","1","0",3,0,3,3,2,0
"21704","0",62,781,781,2581,"1",5,2,1,0,10,80,3,1,0,0,0,"0","1","0",3,0,3,3,2,0
"21705","0",59,746,746,2546,"1",5,2,2,0,7,80,4,1,0,0,0,"1","3","0",3,0,3,3,2,0
"21707","2",47,662,662,2462,"1",5,2,1,0,10,80,7,0,0,0,0,"0","0","0",3,0,3,3,2,0
"21708","2",40,635,635,2435,"1",5,2,2,0,3,80,1,0,0,0,0,"0","0","0",3,0,3,3,2,0
"21709","2",39,597,597,2397,"1",5,2,3,0,2,80,0,1,0,0,0,"0","2","0",3,0,3,3,2,0
"21711","2",27,530,530,2330,"1",5,2,1,0,10,80,4,0,0,0,0,"1","3","0",3,0,3,3,2,0
"21712","2",23,492,492,2292,"1",5,2,2,0,6,80,7,0,0,0,0,"2","1","0",3,0,3,3,2,0
"21713","2",16,445,445,2245,"1",5,2,1,0,10,80,9,1,0,0,0,"0","0","0",3,0,3,3,2,0
"21714","2",7,404,404,2204,"1",5,2,2,0,1,80,6,0,0,0,0,"2","2","0",3,0,3,3,2,0
"21722","0",40,265,265,2065,"1",6,2,2,0,10,63,11,1,0,0,0,"2","0","0",-9,0,9,3,2,1
"21723","0",29,233,233,2033,"1",6,2,1,0,10,63,1,0,0,0,0,"1","3","0",-9,0,9,3,2,1
"21726","0",16,149,149,1949,"1",6,2,2,0,10,63,4,1,0,0,0,"0","1","0",-9,0,9,3,2,1
"21732","0",75,105,105,1905,"1",7,2,2,0,10,35,13,1,0,1,1,"2","1","0",6,3,9,3,2,0
"21748","2",56,825,1725,1725,"2",9,3,1,0,10,25,4,0,0,0,0,"0","1","0",-6,3,9,3,3,1
"21751","0",36,700,1600,1600,"2",9,3,2,0,8,25,9,1,0,1,1,"1","3","0",-6,3,9,3,3,1
"21752","0",27,661,1561,1561,"2",9,3,1,0,10,25,4,1,0,0,0,"1","3","0",-6,3,9,3,3,1
"21757","1",50,536,1436,1436,"2",10,3,1,0,10,26,1,1,0,1,1,"2","0","0",6,3,9,3,3,0
"21763","2",18,390,1290,1290,"2",10,3,2,0,9,26,1,1,0,0,0,"0","2","0",6,3,9,3,3,0
"21768","2",75,297,1197,1197,"2",11,3,1,0,10,13,1,0,0,0,0,"2","2","0",-9,3,12,3,2,1
"21770","2",74,255,1155,1155,"2",11,3,3,0,9,13,9,1,0,1,1,"2","0","0",-9,3,12,3,2,1
"21771","2",65,223,1123,1123,"2",11,3,1,0,10,13,3,1,0,0,0,"0","1","0",-9,3,12,3,2,1
"21776","0",71,145,1045,1045,"2",12,3,2,0,2,79,48,1,0,0,0,"2","1","0",9,3,12,3,2,0
"21777","2",23,121,1021,1021,"2",12,3,1,0,10,79,1,0,0,0,0,"0","2","0",9,3,12,3,2,0
"21779","2",1,38,938,938,"2",12,3,1,1,1,79,1,0,0,0,0,"2","0","2",9,3,18,3,2,0
"21789","0",37,804,804,804,"2",13,4,3,0,1,55,2,1,0,0,0,"0","1","0",-16,3,19,3,2,1
"21797","0",80,658,658,658,"2",14,4,1,0,10,14,11,1,0,0,0,"1","3","0",16,3,19,2,2,0
"21798","0",69,618,618,618,"2",14,4,1,0,10,14,2,1,0,0,0,"2","0","0",16,3,19,2,2,0
"21808","0",68,391,391,391,"2",16,4,1,0,10,66,4,1,0,0,0,"1","3","0",16,3,19,2,2,0
"21809","0",64,345,345,345,"2",16,4,2,0,6,66,-1,1,0,0,0,"0","1","0",16,3,19,2,2,0
"21811","0",60,293,293,293,"2",16,4,1,0,10,66,58,1,0,0,0,"0","2","0",16,3,19,2,2,0
"21813","2",3,269,269,269,"2",18,4,1,1,3,3,2,1,0,0,0,"2","0","0",16,3,19,2,2,0
"21818","0",44,232,232,232,"2",19,4,1,0,10,37,6,1,1,1,1,"1","3","0",-23,3,26,2,2,1
"21819","2",40,219,219,219,"2",20,4,1,0,10,0,0,0,0,0,0,"1","3","0",23,3,26,2,2,0
"21820","2",40,179,179,179,"2",20,4,2,0,10,0,0,1,0,0,0,"0","1","0",23,3,26,2,2,0
"21821","2",40,133,133,133,"2",20,4,3,0,10,0,0,0,0,0,0,"2","1","0",23,3,26,2,2,0
"21824","2",96,110,110,110,"2",21,4,1,0,10,66,10,1,0,1,1,"1","3","0",-23,3,26,2,2,1
"26912","2",67,858,1758,3558,"1",1,1,1,0,10,22,10,1,0,0,0,"1","3","0",0,0,0,3,3,1
"26914","2",67,784,1684,3484,"1",1,1,1,0,20,22,4,0,0,0,0,"2","0","0",0,0,0,3,3,1
"26919","0",93,682,1582,3382,"1",2,1,2,0,10,0,7,1,0,0,0,"2","2","0",0,0,0,3,3,0
"26922","2",60,595,1495,3295,"1",3,1,1,0,10,60,6,1,0,0,0,"0","0","0",0,0,0,3,3,1
"26923","2",54,557,1457,3257,"1",3,1,2,0,4,60,0,0,0,0,0,"0","2","0",0,0,0,3,3,1
"26929","0",76,407,1307,3107,"1",4,1,1,0,10,76,4,0,0,0,0,"2","0","0",-7,7,0,3,3,0
"26930","0",72,376,1276,3076,"1",4,1,2,0,6,76,13,0,0,0,0,"1","3","0",-7,7,0,3,3,0
"26931","0",59,335,1235,3035,"1",4,1,1,0,10,76,6,1,0,0,0,"2","0","0",-7,7,0,3,3,0
"26932","0",53,298,1198,2998,"1",4,1,2,0,4,76,16,0,0,0,0,"1","3","0",-7,7,0,3,3,0
"26933","2",37,251,1151,2951,"1",4,1,1,0,10,76,2,1,0,0,0,"0","0","0",-7,7,0,3,3,0
"26936","2",26,164,1064,2864,"1",4,1,1,0,10,76,0,1,0,0,0,"0","0","0",-7,7,0,3,3,0
"26940","2",13,45,945,2745,"1",4,1,2,0,8,76,13,0,0,0,0,"1","3","2",-7,7,6,3,3,0
"26946","2",71,900,900,2700,"1",5,2,2,0,6,5,8,0,0,0,0,"1","3","0",0,7,7,3,3,1
"26947","2",63,858,858,2658,"1",5,2,1,0,10,5,2,0,0,0,0,"1","3","0",0,7,7,3,3,1
"26952","0",70,754,754,2554,"1",6,2,2,0,10,54,13,0,0,0,0,"2","0","0",0,7,7,3,3,0
"26954","2",43,706,706,2506,"1",6,2,1,0,10,54,3,0,0,0,0,"1","3","0",0,7,7,3,3,0
"26955","2",40,665,665,2465,"1",6,2,2,0,7,54,16,1,0,0,0,"0","1","0",0,7,7,3,3,0
"26956","2",24,625,625,2425,"1",6,2,1,0,10,54,3,1,0,0,0,"1","3","0",0,7,7,3,3,0
"26957","2",21,586,586,2386,"1",6,2,2,0,7,54,5,0,0,0,0,"2","1","0",0,7,7,3,3,0
"26965","0",80,368,368,2168,"1",8,2,1,0,10,4,3,0,0,0,0,"0","0","0",3,7,10,3,3,0
"26974","0",85,182,182,1982,"1",10,2,2,0,10,8,7,1,0,1,1,"0","0","0",3,7,10,2,3,0
"26998","0",67,879,1779,1779,"2",14,3,1,0,10,77,4,0,0,0,0,"1","3","0",3,7,10,3,3,0
"26999","0",63,843,1743,1743,"2",14,3,2,0,6,77,2,0,0,0,0,"0","1","0",3,7,10,3,3,0
"27004","2",28,669,1569,1569,"2",14,3,1,0,10,77,20,0,0,0,0,"0","0","0",3,7,10,3,3,0
"27005","2",8,633,1533,1533,"2",14,3,1,1,8,77,6,0,0,0,0,"2","1","0",3,7,10,3,3,0
"27006","2",2,585,1485,1485,"2",14,3,2,1,2,77,1,0,0,0,0,"1","3","0",3,7,10,3,3,0
"27008","2",1,547,1447,1447,"2",14,3,3,1,1,77,0,0,0,0,0,"1","3","0",3,7,10,3,2,0
"27012","2",75,526,1426,1426,"2",15,3,1,0,10,31,-2,1,0,0,0,"2","0","0",-10,7,17,3,2,1
"27015","2",60,414,1314,1314,"2",15,3,1,0,10,31,0,1,0,0,0,"0","0","0",-10,7,17,3,2,1
"27018","1",50,328,1228,1228,"2",15,3,1,0,10,31,1,0,0,0,0,"1","3","0",-10,7,17,3,2,1
"27022","0",56,233,1133,1133,"2",16,3,1,0,10,56,18,0,0,0,0,"2","0","0",10,7,17,3,2,0
"27024","2",19,154,1054,1054,"2",16,3,1,0,10,56,-2,0,0,0,0,"1","3","0",10,7,17,3,2,0
"27027","2",5,64,964,964,"2",16,3,1,1,5,56,5,1,0,1,1,"2","0","2",10,7,23,3,2,0
"27039","0",64,892,892,892,"2",19,4,1,0,10,64,5,0,0,0,0,"1","3","0",17,7,24,3,2,0
"27040","0",59,851,851,851,"2",19,4,2,0,5,64,48,1,0,0,0,"1","3","0",17,7,24,3,2,0
"27041","2",11,812,812,812,"2",19,4,1,0,10,64,4,0,0,0,0,"0","1","0",17,7,24,3,2,0
"27043","2",7,766,766,766,"2",19,4,2,0,6,64,7,1,0,0,0,"1","3","2",17,7,30,3,1,0
"27054","0",88,548,548,548,"2",21,4,1,0,10,37,17,1,0,0,0,"0","0","0",24,7,31,3,1,0
"27055","0",71,503,503,503,"2",21,4,1,0,10,37,6,0,0,0,0,"2","0","0",24,7,31,3,1,0
"27056","0",65,455,455,455,"2",21,4,2,0,4,37,2,0,0,0,0,"1","3","0",24,7,31,3,1,0
"27057","0",63,409,409,409,"2",21,4,3,0,2,37,8,0,0,0,0,"1","3","0",24,7,31,3,1,0
"27058","0",55,362,362,362,"2",21,4,1,0,10,37,1,0,0,0,0,"0","0","0",24,7,31,3,1,0
"27059","0",54,321,321,321,"2",21,4,2,0,9,37,3,1,0,0,0,"2","0","0",24,7,31,3,1,0
"30662","2",72,893,1793,3593,"1",1,1,1,0,10,31,3,0,0,0,0,"2","1","0",0,0,0,3,3,1
"30663","2",69,855,1755,3555,"1",1,1,2,0,7,31,1,0,0,0,0,"2","1","0",0,0,0,3,3,1
"30666","2",54,776,1676,3476,"1",1,1,2,0,10,31,15,0,0,0,0,"0","1","0",0,0,0,3,3,1
"30667","0",39,731,1631,3431,"1",1,1,1,0,10,31,1,1,0,0,0,"1","3","0",0,0,0,3,3,1
"30669","0",28,649,1549,3349,"1",1,1,1,0,10,31,5,0,0,0,0,"1","3","0",0,0,0,3,3,1
"30674","0",89,532,1432,3232,"1",2,1,1,0,10,48,20,0,0,0,0,"2","0","0",0,0,0,3,3,0
"30675","0",69,503,1403,3203,"1",2,1,1,0,10,48,2,0,0,0,0,"1","3","0",0,0,0,3,3,0
"30678","2",43,421,1321,3121,"1",2,1,1,0,10,48,0,0,0,0,0,"1","3","0",0,0,0,3,3,0
"30679","2",43,377,1277,3077,"1",2,1,2,0,10,48,2,0,0,0,0,"2","2","0",0,0,0,3,3,0
"30682","2",94,321,1221,3021,"1",3,1,1,0,10,3,-3,0,0,0,0,"0","0","0",0,0,0,3,3,1
"30686","0",63,231,1131,2931,"1",4,1,1,0,10,46,0,0,0,0,0,"0","2","0",0,0,0,3,3,0
"30688","2",44,160,1060,2860,"1",4,1,1,0,10,46,3,1,1,0,0,"2","2","0",0,0,0,3,3,0
"30690","2",21,113,1013,2813,"1",4,1,1,0,10,46,-5,0,0,0,0,"0","0","0",0,0,0,3,3,0
"30693","2",12,35,935,2735,"1",4,1,3,0,1,46,2,0,1,0,0,"1","3","0",0,0,0,3,3,0
"30697","2",81,851,851,2651,"1",5,2,2,0,6,18,8,0,0,0,0,"1","3","0",0,0,0,3,3,1
"30698","2",73,811,811,2611,"1",5,2,1,0,10,18,1,0,0,0,0,"0","2","0",0,0,0,3,3,1
"30699","2",72,767,767,2567,"1",5,2,2,0,9,18,5,0,0,0,0,"0","2","0",0,0,0,3,3,1
"30703","0",73,638,638,2438,"1",6,2,1,0,10,73,11,0,0,0,0,"0","0","0",0,0,0,3,3,0
"30704","0",62,602,602,2402,"1",6,2,1,0,10,73,8,0,0,0,0,"2","2","0",0,0,0,3,3,0
"30705","0",54,557,557,2357,"1",6,2,2,0,2,73,-2,0,0,0,0,"1","3","0",0,0,0,3,3,0
"30709","2",21,399,399,2199,"1",6,2,1,0,10,73,21,0,1,1,1,"2","0","2",0,0,6,3,3,0
"30712","2",75,381,381,2181,"1",7,2,1,0,10,44,2,0,0,0,0,"1","3","0",-7,0,7,3,3,1
"30714","0",46,298,298,2098,"1",7,2,1,0,10,44,2,0,0,0,0,"1","3","0",-7,0,7,3,3,1
"30717","0",28,170,170,1970,"1",7,2,1,0,10,44,2,0,0,0,0,"0","2","0",-7,0,7,3,3,1
"30724","0",75,110,110,1910,"1",8,2,1,0,10,5,5,1,0,0,0,"1","3","0",4,3,7,3,3,0
"30730","2",64,37,37,1837,"1",9,2,1,0,10,17,2,1,1,1,1,"1","3","0",-4,3,7,3,3,1
"30738","0",64,892,1792,1792,"2",11,3,1,0,10,64,5,0,0,0,0,"2","2","0",4,3,7,3,3,0
"30745","2",83,786,1686,1686,"2",12,3,1,0,10,4,1,0,0,0,0,"0","2","0",-11,3,14,3,3,1
"30749","0",74,651,1551,1551,"2",13,3,1,0,10,74,74,0,0,0,0,"0","1","2",11,3,20,3,3,0
"30752","2",7,630,1530,1530,"2",15,3,1,1,7,7,7,0,0,0,0,"1","3","2",18,3,27,3,3,0
"30755","2",70,619,1519,1519,"2",16,3,1,0,10,8,3,0,0,0,0,"1","3","0",-25,3,28,3,3,1
"30756","2",67,584,1484,1484,"2",16,3,2,0,7,8,5,1,0,0,0,"0","2","0",-25,3,28,3,3,1
"30759","0",80,503,1403,1403,"2",17,3,1,0,10,80,3,0,0,0,0,"2","1","0",25,3,28,3,3,0
"30760","0",77,468,1368,1368,"2",17,3,2,0,7,80,12,0,1,0,0,"0","0","0",25,3,28,3,3,0
"30768","2",58,346,1246,1246,"2",18,3,3,0,3,74,5,0,0,0,0,"0","0","0",-32,3,35,3,3,1
"30776","0",1,146,1046,1046,"2",18,3,1,1,1,74,1,1,0,0,0,"0","2","1",-32,9,35,3,3,1
"30780","0",75,143,1043,1043,"2",19,3,1,0,10,31,8,0,0,0,0,"0","1","0",24,11,35,3,3,0
"30782","0",53,58,958,958,"2",19,3,1,0,10,31,12,0,0,0,0,"2","2","0",24,11,35,3,3,0
"30783","0",51,29,929,929,"2",19,3,1,0,8,31,5,0,0,0,0,"2","1","0",24,11,35,3,3,0
"30785","2",46,900,900,900,"2",19,4,2,0,3,31,2,0,0,0,0,"2","1","0",24,11,35,3,3,0
"30787","0",47,862,862,862,"2",20,4,2,0,1,56,16,1,1,0,0,"1","3","0",-24,11,35,3,3,1
"30788","0",31,834,834,834,"2",20,4,1,0,10,56,13,1,1,0,0,"2","2","0",-24,11,35,3,3,1
"30790","0",6,770,770,770,"2",20,4,1,1,6,56,2,1,1,0,0,"1","3","0",-24,11,35,3,3,1
"30791","0",4,740,740,740,"2",20,4,2,1,4,56,3,1,1,0,0,"0","2","0",-24,11,35,3,3,1
"30792","0",1,712,712,712,"2",20,4,3,1,1,56,1,1,1,0,0,"1","3","1",-24,17,35,3,3,1
"30796","2",12,685,685,685,"2",21,4,1,0,10,40,4,0,0,0,0,"2","0","0",18,17,35,3,3,0
"30797","2",8,640,640,640,"2",21,4,2,0,6,40,5,0,0,0,0,"0","1","0",18,17,35,3,3,0
"30798","2",3,594,594,594,"2",21,4,3,0,1,40,3,0,0,0,0,"2","0","2",18,17,41,3,3,0
"30808","0",34,389,389,389,"2",22,4,2,0,4,56,3,1,1,0,0,"2","2","0",-25,17,42,3,3,1
"30809","0",31,361,361,361,"2",22,4,3,0,1,56,9,1,1,0,0,"2","2","0",-25,17,42,3,3,1
"30816","0",89,287,287,287,"2",23,4,1,0,10,7,4,0,0,0,0,"1","3","0",22,20,42,3,3,0
"30818","0",85,282,282,282,"2",23,4,2,0,6,7,1,0,0,0,0,"0","0","0",22,20,42,2,3,0
"30820","0",84,277,277,277,"2",23,4,3,0,5,7,3,0,0,0,0,"2","0","0",22,20,42,1,3,0
"30821","0",90,266,266,266,"2",23,4,3,0,11,7,8,1,0,0,0,"1","3","0",22,20,42,1,3,0
"30827","2",59,224,224,224,"2",24,4,2,0,20,33,5,1,0,1,1,"2","0","0",-22,20,42,0,3,1
"30830","0",38,144,144,144,"2",24,4,1,0,10,33,6,1,0,0,0,"0","2","0",-22,20,42,0,3,1
"32601","0",75,897,1797,3597,"1",1,1,2,0,10,34,5,0,0,0,0,"1","3","0",0,0,0,3,3,0
"32606","2",40,722,1622,3422,"1",1,1,1,0,10,34,0,0,0,0,0,"1","3","0",0,0,0,3,3,0
"32614","2",80,519,1419,3219,"1",2,1,2,0,10,48,5,0,0,0,0,"1","3","0",0,0,0,3,3,1
"32616","0",36,435,1335,3135,"1",2,1,1,0,10,48,4,1,0,0,0,"0","0","0",0,0,0,3,3,1
"32619","0",63,352,1252,3052,"1",3,1,2,0,4,69,3,0,0,0,0,"1","3","0",0,0,0,3,3,0
"32620","0",60,309,1209,3009,"1",3,1,3,0,1,69,6,1,0,0,0,"1","3","0",0,0,0,3,3,0
"32621","0",54,272,1172,2972,"1",3,1,1,0,10,69,1,0,0,0,0,"1","3","0",0,0,0,3,3,0
"32625","2",15,174,1074,2874,"1",3,1,1,0,10,69,15,0,0,0,0,"1","3","2",0,0,6,3,3,0
"32632","2",75,159,1059,2859,"1",5,1,1,0,10,58,3,0,0,0,0,"1","3","0",-13,0,13,3,3,1
"32636","0",35,1,901,2701,"1",5,1,1,0,10,58,-1,0,0,0,0,"1","3","0",-13,0,13,3,3,1
"32638","0",36,900,900,2700,"1",5,2,2,0,11,58,10,1,0,0,0,"1","3","0",-13,0,13,3,3,1
"32639","0",26,859,859,2659,"1",5,2,3,0,1,58,3,0,0,0,0,"1","3","0",-13,0,13,3,3,1
"32640","0",23,809,809,2609,"1",5,2,1,0,10,58,7,0,0,0,0,"2","1","0",-13,0,13,3,3,1
"32641","0",16,771,771,2571,"1",5,2,2,0,3,58,4,1,0,0,0,"1","3","0",-13,0,13,3,3,1
"32642","0",12,727,727,2527,"1",5,2,1,0,10,58,1,0,0,0,0,"1","3","0",-13,0,13,3,3,1
"32644","0",83,680,680,2480,"1",6,2,1,0,10,83,1,0,0,0,0,"1","3","0",13,0,13,3,3,0
"32645","0",82,646,646,2446,"1",6,2,2,0,9,83,2,1,0,1,1,"1","3","0",13,0,13,3,3,0
"32650","2",1,524,524,2324,"1",6,2,1,1,1,83,0,0,0,0,0,"1","3","0",13,0,13,3,3,0
"32651","2",1,482,482,2282,"1",6,2,2,1,1,83,1,0,0,0,0,"1","3","2",13,0,19,3,3,0
"32654","2",75,478,478,2278,"1",7,2,1,0,10,-1,-1,0,0,0,0,"1","3","0",-20,0,20,3,3,1
"32658","0",68,377,377,2177,"1",8,2,1,0,10,16,7,0,0,0,0,"1","3","0",20,0,20,3,3,0
"32659","0",61,335,335,2135,"1",8,2,2,0,3,16,1,0,0,0,0,"0","0","0",20,0,20,3,3,0
"32661","0",55,255,255,2055,"1",8,2,1,0,10,16,3,0,0,0,0,"1","3","0",20,0,20,3,3,0
"32671","2",24,120,120,1920,"1",10,2,1,0,10,47,1,0,0,0,0,"1","3","0",20,0,20,3,3,0
"32674","2",11,73,73,1873,"1",10,2,1,0,10,47,-2,0,0,0,0,"1","3","0",20,0,20,2,3,0
"32701","0",60,768,1668,1668,"2",14,3,1,0,10,24,-1,0,0,0,0,"1","3","0",23,0,23,3,3,0
"32703","0",51,691,1591,1591,"2",14,3,3,0,1,24,0,0,0,0,0,"1","3","0",23,0,23,3,3,0
"32704","0",51,642,1542,1542,"2",14,3,4,0,1,24,2,0,0,0,0,"1","3","0",23,0,23,3,3,0
"32705","2",49,599,1499,1499,"2",14,3,1,0,10,24,16,0,0,0,0,"2","0","0",23,0,23,3,3,0
"32707","2",61,555,1455,1455,"2",15,3,1,0,10,26,2,1,0,0,0,"1","3","0",-23,0,23,3,3,1
"32711","0",32,436,1336,1336,"2",15,3,1,0,10,26,2,1,1,0,0,"1","3","0",-23,0,23,3,3,1
"32717","0",75,346,1246,1246,"2",16,3,1,0,10,29,5,0,0,0,0,"1","3","0",20,3,23,3,3,0
"32718","0",70,307,1207,1207,"2",16,3,2,0,5,29,2,0,0,0,0,"0","2","0",20,3,23,3,3,0
"32731","0",7,871,871,871,"2",17,4,1,1,7,54,4,1,0,0,0,"1","3","0",-20,3,23,3,3,1
"32735","0",75,817,817,817,"2",18,4,1,0,10,-3,5,0,0,0,0,"1","3","0",12,11,23,3,3,0
"32736","0",70,778,778,778,"2",18,4,2,0,5,-3,1,0,0,0,0,"1","3","0",12,11,23,3,3,0
"32742","0",24,639,639,639,"2",19,4,1,0,10,35,-1,1,1,0,0,"1","3","0",-12,11,23,3,3,1
"32746","0",8,522,522,522,"2",19,4,1,1,8,35,4,1,1,1,1,"0","0","0",-12,11,23,3,3,1
"32750","0",1,425,425,425,"2",19,4,1,1,1,35,-1,0,0,0,0,"1","3","0",-12,11,23,3,3,1
"32753","0",97,366,366,366,"2",20,4,1,0,10,-1,0,0,0,0,0,"1","3","0",12,11,23,3,3,0
"32755","0",98,308,308,308,"2",20,4,2,0,11,-1,0,0,0,0,0,"1","3","0",12,11,23,3,3,0
"32763","2",80,213,213,213,"2",21,4,3,0,20,-6,4,1,0,1,1,"1","3","0",-12,11,23,2,3,1
"32765","2",24,197,197,197,"2",22,4,1,0,10,5,1,0,0,0,0,"1","3","0",12,11,23,2,3,0
"32767","2",23,192,192,192,"2",22,4,2,0,9,5,-3,0,0,0,0,"1","3","0",12,11,23,1,3,0
"32770","2",26,188,188,188,"2",22,4,3,0,12,5,2,1,0,0,0,"1","3","0",12,11,23,0,2,0
"32784","2",5,96,96,96,"2",24,4,1,1,5,0,0,0,0,0,0,"1","3","0",15,11,26,0,1,0
"32785","2",5,57,57,57,"2",24,4,2,1,5,0,0,0,0,0,0,"1","3","0",15,11,26,0,1,0
"32786","2",5,31,31,31,"2",24,4,3,1,5,0,0,0,0,0,0,"1","3","0",15,11,26,0,1,0
"36009","2",75,895,1795,3595,"1",1,1,1,0,10,67,0,0,0,0,0,"1","3","0",0,0,0,3,3,1
"36011","2",63,834,1734,3534,"1",1,1,1,0,10,67,6,0,0,0,0,"1","3","0",0,0,0,3,3,1
"36012","2",57,795,1695,3495,"1",1,1,2,0,4,67,3,0,0,0,0,"1","3","0",0,0,0,3,3,1
"36013","2",54,758,1658,3458,"1",1,1,3,0,1,67,3,0,0,0,0,"1","3","0",0,0,0,3,3,1
"36014","2",51,717,1617,3417,"1",1,1,1,0,10,67,1,0,0,1,1,"1","3","0",0,0,0,3,3,1
"36015","1",50,675,1575,3375,"1",1,1,2,0,9,67,11,0,0,0,0,"1","3","0",0,0,0,3,3,1
"36016","0",39,635,1535,3335,"1",1,1,1,0,10,67,3,1,0,0,0,"0","0","0",0,0,0,3,3,1
"36017","0",36,596,1496,3296,"1",1,1,2,0,7,67,2,0,0,0,0,"1","3","0",0,0,0,3,3,1
"36019","0",12,513,1413,3213,"1",1,1,1,0,10,67,1,0,0,0,0,"1","3","0",0,0,0,3,3,1
"36021","0",11,481,1381,3181,"1",1,1,3,0,9,67,3,1,0,1,1,"0","0","0",0,0,0,3,3,1
"36024","0",79,435,1335,3135,"1",2,1,1,0,10,79,27,0,1,0,0,"2","1","0",-3,3,0,3,3,0
"36027","2",1,350,1250,3050,"1",2,1,1,1,1,79,1,0,0,0,0,"0","0","2",-3,3,6,3,3,0
"36030","2",75,346,1246,3046,"1",3,1,1,0,10,9,7,0,0,0,0,"1","3","0",-4,3,7,3,3,1
"36031","2",68,308,1208,3008,"1",3,1,2,0,3,9,2,0,0,0,0,"2","0","0",-4,3,7,3,3,1
"36034","0",86,250,1150,2950,"1",4,1,1,0,10,15,2,0,0,0,0,"2","2","0",4,3,7,3,3,0
"36038","0",72,125,1025,2825,"1",4,1,2,0,10,15,17,1,0,0,0,"1","3","0",4,3,7,3,3,0
"36047","2",76,849,849,2649,"1",5,2,3,0,4,16,7,1,0,1,1,"0","0","0",-4,3,7,3,3,1
"36048","2",69,825,825,2625,"1",5,2,1,0,10,16,-5,0,0,0,0,"0","0","0",-4,3,7,3,3,1
"36052","0",75,689,689,2489,"1",6,2,1,0,10,75,10,0,0,0,0,"2","0","0",4,3,7,3,3,0
"36053","0",65,656,656,2456,"1",6,2,1,0,10,75,0,1,0,0,0,"0","0","0",4,3,7,3,3,0
"36056","0",56,567,567,2367,"1",6,2,3,0,1,75,2,0,0,0,0,"1","3","0",4,3,7,3,2,0
"36058","2",48,490,490,2290,"1",6,2,2,0,4,75,23,0,0,0,0,"1","3","0",4,3,7,3,2,0
"36061","2",4,360,360,2160,"1",6,2,1,1,4,75,3,1,0,0,0,"1","3","0",4,3,7,3,2,0
"36062","2",1,323,323,2123,"1",6,2,2,1,1,75,1,0,0,0,0,"1","3","2",4,3,13,3,2,0
"36065","2",75,318,318,2118,"1",7,2,1,0,10,17,8,0,0,1,1,"1","3","0",-11,3,14,3,2,1
"36066","2",67,279,279,2079,"1",7,2,2,0,2,17,10,0,0,0,0,"1","3","0",-11,3,14,3,2,1
"36073","0",80,112,112,1912,"1",8,2,1,0,10,80,35,0,0,0,0,"0","0","0",11,3,14,3,2,0
"36079","2",67,84,84,1884,"1",9,2,3,0,2,7,-1,1,0,0,0,"1","3","0",-18,3,21,3,2,1
"36083","0",74,70,70,1870,"1",10,2,1,0,5,57,7,1,0,0,0,"1","3","0",18,3,21,3,1,0
"36096","0",84,895,1795,1795,"2",12,3,1,0,10,84,0,0,0,0,0,"2","0","0",21,3,24,3,3,0
"36104","2",61,704,1604,1604,"2",13,3,4,0,1,70,2,0,0,0,0,"1","3","0",-28,3,31,3,3,1
"36112","0",47,460,1360,1360,"2",13,3,2,0,14,70,5,1,0,1,1,"2","0","0",-28,3,31,3,3,1
"36120","0",54,305,1205,1205,"2",14,3,1,0,10,73,1,1,0,0,0,"0","0","0",21,10,31,3,3,0
"36123","1",50,164,1064,1064,"2",14,3,2,0,22,73,6,0,0,0,0,"2","0","0",21,10,31,3,3,0
"36129","2",70,46,946,946,"2",15,3,1,0,10,19,8,1,1,0,0,"1","3","0",-28,10,38,3,3,1
"36131","2",62,17,917,917,"2",15,3,3,0,2,19,1,1,0,0,0,"1","3","0",-28,10,38,3,3,1
"36134","2",38,894,894,894,"2",16,4,1,0,10,38,5,0,0,0,0,"1","3","0",28,10,38,3,3,0
"36135","2",33,857,857,857,"2",16,4,2,0,5,38,9,1,0,0,0,"0","0","0",28,10,38,3,3,0
"36136","2",24,820,820,820,"2",16,4,1,0,10,38,5,0,0,0,0,"2","0","0",28,10,38,3,3,0
"36137","2",19,782,782,782,"2",16,4,2,0,5,38,4,0,0,0,0,"0","0","0",28,10,38,3,3,0
"36138","2",15,745,745,745,"2",16,4,3,0,1,38,3,0,0,0,0,"1","3","0",28,10,38,3,3,0
"36148","0",76,616,616,616,"2",18,4,2,0,10,4,4,0,0,0,0,"2","0","0",35,10,45,3,3,0
"36156","2",54,445,445,445,"2",19,4,1,0,10,52,4,1,0,0,0,"0","0","0",-35,10,45,3,3,1
"36157","1",50,418,418,418,"2",19,4,2,0,6,52,7,1,0,1,1,"1","3","0",-35,10,45,3,3,1
"36162","0",64,334,334,334,"2",20,4,1,0,10,39,1,0,0,0,0,"1","3","0",35,10,45,3,3,0
"36163","0",63,292,292,292,"2",20,4,2,0,9,39,3,0,0,0,0,"0","0","0",35,10,45,3,3,0
"36166","0",51,193,193,193,"2",20,4,1,0,10,39,3,1,0,0,0,"0","0","0",35,10,45,3,3,0
"36167","2",48,153,153,153,"2",20,4,2,0,7,39,14,0,0,0,0,"0","0","0",35,10,45,3,3,0
"36168","2",34,146,146,146,"2",20,4,1,0,10,39,5,0,0,0,0,"0","0","0",35,10,45,3,3,0
"36170","2",29,120,120,120,"2",20,4,2,0,5,39,6,0,0,0,0,"2","0","0",35,10,45,3,3,0
"38802","0",75,900,1800,3600,"1",1,1,1,0,10,75,8,0,0,0,0,"0","1","0",0,0,0,3,3,0
"38803","0",67,869,1769,3569,"1",1,1,2,0,2,75,1,0,1,0,0,"0","2","0",0,0,0,3,3,0
"38804","0",66,836,1736,3536,"1",1,1,3,0,1,75,6,1,0,0,0,"0","2","0",0,0,0,3,3,0
"38807","2",41,735,1635,3435,"1",1,1,1,0,10,75,1,0,0,0,0,"2","1","0",0,0,0,3,3,0
"38811","2",75,689,1589,3389,"1",2,1,1,0,10,65,5,0,0,0,0,"1","3","0",-7,0,7,3,3,1
"38812","2",70,660,1560,3360,"1",2,1,2,0,5,65,1,0,0,0,0,"2","1","0",-7,0,7,3,3,1
"38814","0",14,579,1479,3279,"1",2,1,1,0,10,65,1,0,0,0,0,"0","0","0",-7,0,7,3,3,1
"38816","0",13,535,1435,3235,"1",2,1,3,0,9,65,3,1,0,1,1,"1","3","0",-7,0,7,3,3,1
"38820","0",62,466,1366,3166,"1",3,1,1,0,10,60,2,0,1,0,0,"0","2","0",4,3,7,3,3,0
"38824","2",18,341,1241,3041,"1",3,1,2,0,10,60,3,1,0,0,0,"0","1","0",4,3,7,3,3,0
"38829","2",66,283,1183,2983,"1",4,1,2,0,10,3,3,1,0,0,0,"0","0","0",-7,3,10,3,3,1
"38832","0",85,224,1124,2924,"1",5,1,1,0,10,29,9,0,0,0,0,"0","0","0",7,3,10,3,3,0
"38833","0",76,184,1084,2884,"1",5,1,2,0,1,29,6,0,0,0,0,"2","1","0",7,3,10,3,3,0
"38834","0",70,142,1042,2842,"1",5,1,1,0,10,29,-4,0,0,0,0,"0","2","0",7,3,10,3,3,0
"38844","2",84,816,816,2616,"1",6,2,1,0,10,-5,-1,0,0,0,0,"2","2","0",-7,3,10,3,2,1
"38848","0",56,724,724,2524,"1",7,2,1,0,10,10,3,0,0,0,0,"0","2","0",7,3,10,3,2,0
"38849","0",53,690,690,2490,"1",7,2,2,0,7,10,9,0,0,0,0,"2","1","0",7,3,10,3,2,0
"38850","2",44,651,651,2451,"1",7,2,1,0,10,10,9,0,0,0,0,"2","2","0",7,3,10,3,2,0
"38851","2",35,609,609,2409,"1",7,2,2,0,1,10,4,0,0,0,0,"2","2","0",7,3,10,3,2,0
"38852","2",31,568,568,2368,"1",7,2,1,0,10,10,-3,0,0,0,0,"0","0","0",7,3,10,3,2,0
"38857","2",96,458,458,2258,"1",8,2,1,0,10,-2,2,0,0,0,0,"0","1","0",-7,3,10,3,2,1
"38858","2",94,415,415,2215,"1",8,2,2,0,8,-2,-4,0,0,0,0,"0","0","0",-7,3,10,3,2,1
"38863","2",35,304,304,2104,"1",9,2,1,0,10,35,3,0,0,0,0,"2","1","0",7,3,10,3,2,0
"38866","2",27,249,249,2049,"1",9,2,1,0,10,35,5,1,0,0,0,"1","3","0",7,3,10,3,2,0
"38867","2",17,228,228,2028,"1",9,2,1,0,10,35,5,0,0,0,0,"0","1","0",7,3,10,3,2,0
"38868","2",12,190,190,1990,"1",9,2,2,0,5,35,-3,0,0,0,0,"1","3","0",7,3,10,3,2,0
"38878","0",78,77,77,1877,"1",11,2,1,0,10,69,11,1,0,0,0,"1","3","0",10,3,13,3,2,0
"38889","2",75,900,1800,1800,"2",12,3,1,0,10,6,7,0,0,0,0,"0","0","0",-13,3,16,3,3,1
"38890","2",68,863,1763,1763,"2",12,3,2,0,3,6,-1,0,0,0,0,"1","3","0",-13,3,16,3,3,1
"38893","0",97,808,1708,1708,"2",13,3,1,0,10,48,0,0,0,0,0,"0","1","0",13,3,16,3,3,0
"38895","0",68,730,1630,1630,"2",13,3,1,0,10,48,4,1,0,0,0,"0","2","0",13,3,16,3,3,0
"38898","0",58,647,1547,1547,"2",13,3,1,0,10,48,0,0,0,0,0,"2","1","0",13,3,16,3,2,0
"38903","2",83,491,1391,1391,"2",14,3,2,0,9,59,17,0,0,0,0,"1","3","0",-13,3,16,3,2,1
"38904","2",76,471,1371,1371,"2",14,3,2,0,2,59,11,0,0,0,0,"0","0","0",-13,3,16,3,2,1
"38906","0",45,405,1305,1305,"2",14,3,1,0,10,59,5,1,0,0,0,"1","3","0",-13,3,16,3,2,1
"38907","0",40,371,1271,1271,"2",14,3,2,0,5,59,3,1,0,0,0,"2","0","0",-13,3,16,3,2,1
"38908","0",37,331,1231,1231,"2",14,3,3,0,2,59,1,0,0,0,0,"2","1","0",-13,3,16,3,2,1
"38910","0",30,270,1170,1170,"2",14,3,1,0,10,59,2,0,0,1,1,"1","3","0",-13,3,16,3,2,1
"38915","0",14,112,1012,1012,"2",14,3,2,0,10,59,1,0,0,0,0,"1","3","0",-13,3,16,3,2,1
"38919","0",75,28,928,928,"2",15,3,1,0,10,10,5,0,0,0,0,"0","2","0",10,6,16,3,2,0
"38922","0",65,856,856,856,"2",15,4,1,0,10,10,1,1,0,0,0,"0","0","0",10,6,16,3,2,0
"38930","2",68,632,632,632,"2",16,4,1,0,10,79,-1,0,0,0,0,"0","1","0",-10,6,16,3,2,1
"38933","2",61,518,518,518,"2",16,4,3,0,3,79,2,1,0,0,0,"1","3","0",-10,6,16,3,2,1
"38935","2",59,476,476,476,"2",16,4,4,0,1,79,1,0,0,0,0,"0","1","0",-10,6,16,2,2,1
"38940","0",25,382,382,382,"2",16,4,2,0,10,79,11,1,0,1,1,"0","0","0",-10,6,16,2,2,1
"38945","0",70,310,310,310,"2",17,4,1,0,10,43,9,1,0,0,0,"1","3","0",3,13,16,2,2,0
"38946","0",61,264,264,264,"2",17,4,2,0,1,43,4,0,0,0,0,"1","3","0",3,13,16,2,2,0
"38947","0",57,225,225,225,"2",17,4,1,0,10,43,4,1,0,0,0,"1","3","0",3,13,16,2,2,0
"38948","0",53,183,183,183,"2",17,4,2,0,6,43,9,0,0,0,0,"0","0","0",3,13,16,2,2,0
"38949","2",44,138,138,138,"2",17,4,1,0,10,43,1,0,0,0,0,"1","3","0",3,13,16,2,2,0
"38951","2",43,132,132,132,"2",17,4,2,0,9,43,12,1,0,0,0,"2","0","0",3,13,16,1,2,0
"38953","2",36,125,125,125,"2",17,4,1,0,15,43,3,1,0,0,0,"2","2","0",3,13,16,1,2,0
"38955","2",33,120,120,120,"2",17,4,2,0,12,43,1,0,0,0,0,"2","2","0",3,13,16,1,2,0
"38962","2",57,82,82,82,"2",18,4,2,0,2,65,8,1,1,1,1,"1","3","0",-3,13,16,0,1,1
"41331","0",82,894,1794,3594,"1",1,1,1,0,10,82,4,0,0,0,0,"0","0","0",0,0,0,3,3,0
"41338","2",17,694,1594,3394,"1",1,1,1,0,10,82,17,0,0,0,0,"0","0","2",0,0,6,3,3,0
"41342","2",12,650,1550,3350,"1",3,1,1,0,10,25,0,0,0,0,0,"0","0","0",7,0,7,3,3,0
"41347","2",75,568,1468,3268,"1",4,1,1,0,10,17,6,0,0,0,0,"0","2","0",-14,0,14,3,3,1
"41348","2",69,535,1435,3235,"1",4,1,2,0,4,17,5,1,0,1,1,"2","0","0",-14,0,14,3,3,1
"41350","2",61,466,1366,3166,"1",4,1,2,0,7,17,3,0,0,0,0,"0","2","0",-14,0,14,3,3,1
"41354","0",85,368,1268,3068,"1",5,1,2,0,4,67,2,0,0,0,0,"2","1","0",14,0,14,3,3,0
"41357","0",59,282,1182,2982,"1",5,1,2,0,10,67,13,0,0,0,0,"2","0","0",14,0,14,3,3,0
"41358","2",46,246,1146,2946,"1",5,1,1,0,10,67,2,0,0,0,0,"0","2","0",14,0,14,3,3,0
"41360","2",28,184,1084,2884,"1",5,1,1,0,10,67,-3,0,0,0,0,"0","0","0",14,0,14,3,3,0
"41365","2",68,82,982,2782,"1",6,1,1,0,10,2,2,0,0,0,0,"2","2","0",-14,0,14,3,3,1
"41375","2",68,819,819,2619,"1",8,2,1,0,10,62,6,0,0,0,0,"0","2","0",-14,0,14,3,3,1
"41379","2",55,730,730,2530,"1",8,2,1,0,10,62,3,0,0,0,0,"0","2","0",-14,0,14,3,3,1
"41380","2",52,692,692,2492,"1",8,2,2,0,7,62,23,1,0,0,0,"0","0","0",-14,0,14,3,3,1
"41381","0",29,659,659,2459,"1",8,2,1,0,10,62,6,0,0,0,0,"0","0","0",-14,0,14,3,3,1
"41382","0",23,634,634,2434,"1",8,2,2,0,4,62,2,0,0,0,0,"0","1","0",-14,0,14,3,3,1
"41383","0",21,593,593,2393,"1",8,2,3,0,2,62,-1,1,0,0,0,"0","1","0",-14,0,14,3,3,1
"41387","0",59,522,522,2322,"1",9,2,1,0,10,35,14,0,0,0,0,"2","1","0",11,3,14,3,3,0
"41388","0",55,495,495,2295,"1",9,2,1,0,6,35,2,0,0,0,0,"0","1","0",11,3,14,3,3,0
"41391","2",41,417,417,2217,"1",9,2,1,0,10,35,-6,0,0,0,0,"2","0","0",11,3,14,3,3,0
"41396","2",99,298,298,2098,"1",10,2,1,0,10,3,5,0,0,0,0,"0","1","0",-11,3,14,3,3,1
"41397","2",94,258,258,2058,"1",10,2,2,0,5,3,3,0,0,0,0,"2","2","0",-11,3,14,3,3,1
"41405","0",52,103,103,1903,"1",11,2,2,0,3,54,9,1,0,1,1,"0","0","0",11,3,14,3,3,0
"41422","2",58,857,1757,1757,"2",13,3,1,0,10,18,4,0,0,0,0,"2","1","0",-14,3,17,3,3,1
"41427","0",78,700,1600,1600,"2",14,3,1,0,10,41,3,0,0,0,0,"0","1","0",14,3,17,3,3,0
"41428","0",75,660,1560,1560,"2",14,3,2,0,7,41,3,0,0,0,0,"0","1","0",14,3,17,3,3,0
"41436","2",99,542,1442,1442,"2",15,3,1,0,11,2,2,0,0,0,0,"0","2","0",-14,3,17,3,3,1
"41437","2",97,499,1399,1399,"2",15,3,2,0,9,2,1,0,0,0,0,"2","1","0",-14,3,17,3,3,1
"41441","2",46,436,1336,1336,"2",16,3,1,0,5,13,8,0,0,0,0,"2","2","0",14,3,17,3,3,0
"41443","2",71,399,1299,1299,"2",17,3,1,0,10,62,3,0,0,1,1,"2","0","0",-14,3,17,3,3,1
"41444","2",63,375,1275,1275,"2",17,3,1,0,10,62,17,0,0,1,1,"2","0","0",-14,3,17,3,3,1
"41447","0",40,278,1178,1178,"2",17,3,3,0,4,62,7,1,0,0,0,"0","1","0",-14,3,17,3,3,1
"41451","0",15,228,1128,1128,"2",17,3,2,0,10,62,3,0,0,0,0,"0","2","0",-14,3,17,3,3,1
"41452","0",12,182,1082,1082,"2",17,3,3,0,7,62,3,1,0,1,1,"2","0","0",-14,3,17,3,3,1
"41456","0",55,106,1006,1006,"2",18,3,1,0,10,87,3,0,0,0,0,"2","0","0",11,6,17,3,3,0
"41458","2",44,39,939,939,"2",18,3,1,0,10,87,18,0,0,0,0,"0","1","0",11,6,17,3,3,0
"41460","2",26,900,900,900,"2",18,4,1,0,10,87,17,0,0,0,0,"2","2","0",11,6,17,3,3,0
"41461","2",9,858,858,858,"2",18,4,1,1,9,87,6,0,0,0,0,"0","2","0",11,6,17,3,3,0
"41462","2",3,821,821,821,"2",18,4,2,1,3,87,3,0,0,0,0,"2","1","2",11,6,23,3,3,0
"41466","2",66,788,788,788,"2",19,4,2,0,1,75,4,1,0,0,0,"0","1","0",-18,6,24,3,3,1
"41471","0",92,714,714,714,"2",20,4,1,0,10,19,4,0,0,0,0,"2","1","0",12,12,24,3,3,0
"41474","0",71,600,600,600,"2",20,4,1,0,10,19,-1,0,0,0,0,"0","1","0",12,12,24,3,3,0
"41479","2",67,499,499,499,"2",21,4,2,0,10,60,3,1,0,1,1,"2","0","0",-12,12,24,3,3,1
"41487","0",34,387,387,387,"2",21,4,3,0,10,60,6,1,0,1,1,"0","0","0",-12,12,24,3,3,1
"41498","0",56,205,205,205,"2",22,4,1,0,15,64,5,0,0,0,0,"0","1","0",12,12,24,2,3,0
"41502","2",41,189,189,189,"2",22,4,1,0,10,64,2,0,0,0,0,"2","1","0",12,12,24,0,3,0
"41503","2",39,144,144,144,"2",22,4,2,0,8,64,13,0,0,0,0,"2","1","0",12,12,24,0,3,0
"44844","2",43,756,1656,3456,"1",1,1,1,0,10,73,20,0,0,0,0,"2","0","0",0,0,0,3,3,0
"44845","2",23,716,1616,3416,"1",1,1,1,0,10,73,2,0,0,0,0,"1","3","0",0,0,0,3,3,0
"44847","2",5,648,1548,3348,"1",1,1,1,1,5,73,3,0,0,0,0,"1","3","0",0,0,0,3,3,0
"44848","2",2,611,1511,3311,"1",1,1,2,1,2,73,1,0,0,0,0,"1","3","0",0,0,0,3,3,0
"44849","2",1,589,1489,3289,"1",1,1,3,1,1,73,-1,0,0,0,0,"1","3","0",0,0,0,3,3,0
"44855","0",6,425,1325,3125,"1",2,1,1,1,6,42,4,1,0,0,0,"1","3","0",-3,0,3,3,3,1
"44860","0",79,373,1273,3073,"1",3,1,1,0,10,79,2,1,0,0,0,"0","0","0",0,3,3,3,3,0
"44861","0",77,334,1234,3034,"1",3,1,2,0,8,79,1,0,0,0,0,"1","3","0",0,3,3,3,3,0
"44865","2",38,231,1131,2931,"1",3,1,2,0,10,79,4,1,0,0,0,"2","0","0",0,3,3,3,3,0
"44866","2",34,195,1095,2895,"1",3,1,3,0,6,79,8,1,0,0,0,"1","3","0",0,3,3,3,3,0
"44867","2",26,155,1055,2855,"1",3,1,1,0,10,79,-3,0,0,0,0,"1","3","0",0,3,3,3,3,0
"44873","2",5,47,947,2747,"1",3,1,3,0,4,79,5,1,0,0,0,"1","3","2",0,3,9,3,2,0
"44880","2",57,857,857,2657,"1",4,2,1,0,10,40,0,0,0,0,0,"2","0","0",-7,3,10,3,2,1
"44883","0",38,774,774,2574,"1",4,2,2,0,10,40,3,0,0,0,0,"1","3","0",-7,3,10,3,2,1
"44889","0",60,673,673,2473,"1",5,2,2,0,10,24,7,0,0,0,0,"0","0","0",4,6,10,3,2,0
"44890","0",53,632,632,2432,"1",5,2,3,0,3,24,2,1,0,1,1,"1","3","0",4,6,10,3,2,0
"44893","2",79,539,539,2339,"1",6,2,1,0,10,90,9,0,0,0,0,"0","0","0",-4,6,10,3,2,1
"44894","2",70,497,497,2297,"1",6,2,2,0,1,90,9,0,0,0,0,"0","0","0",-4,6,10,3,2,1
"44901","0",55,331,331,2131,"1",7,2,1,0,10,55,16,0,0,0,0,"2","0","0",-3,13,10,3,2,0
"44902","2",39,300,300,2100,"1",7,2,1,0,10,55,9,0,0,0,0,"1","3","0",-3,13,10,3,2,0
"44903","2",30,258,258,2058,"1",7,2,2,0,1,55,7,1,0,0,0,"1","3","0",-3,13,10,3,2,0
"44904","2",23,219,219,2019,"1",7,2,1,0,10,55,15,1,0,0,0,"0","0","0",-3,13,10,3,2,0
"44905","2",8,178,178,1978,"1",7,2,1,1,8,55,0,0,0,0,0,"1","3","0",-3,13,10,3,2,0
"44906","2",8,136,136,1936,"1",7,2,2,1,8,55,8,0,0,0,0,"0","0","2",-3,13,16,3,2,0
"44913","2",37,86,86,1886,"1",9,2,1,0,10,5,7,1,0,0,0,"1","3","0",4,13,17,3,2,0
"44926","0",41,7,7,1807,"1",10,2,3,0,2,35,3,1,0,1,1,"0","0","0",-7,13,20,1,1,1
"44932","2",72,855,1755,1755,"2",11,3,2,0,2,80,2,0,0,0,0,"1","3","0",-4,16,20,3,3,1
"44934","2",62,775,1675,1675,"2",11,3,2,0,2,80,7,0,0,0,0,"0","0","0",-4,16,20,3,3,1
"44936","0",44,690,1590,1590,"2",11,3,1,0,10,80,0,0,0,0,0,"1","3","0",-4,16,20,3,3,1
"44939","0",33,604,1504,1504,"2",11,3,2,0,10,80,4,1,0,0,0,"1","3","0",-4,16,20,3,3,1
"44945","0",75,507,1407,1407,"2",12,3,1,0,10,8,8,0,0,0,0,"2","0","0",-4,24,20,3,3,0
"44946","0",67,468,1368,1368,"2",12,3,2,0,2,8,4,1,0,0,0,"1","3","0",-4,24,20,3,3,0
"44947","0",63,430,1330,1330,"2",12,3,1,0,10,8,-4,0,0,0,0,"1","3","0",-4,24,20,3,3,0
"44954","2",60,243,1143,1143,"2",13,3,1,0,10,16,-1,0,0,0,0,"2","0","0",4,24,20,3,3,1
"44960","0",54,85,985,985,"2",14,3,1,0,10,26,9,1,0,0,0,"0","0","0",-4,24,20,3,3,0
"44961","2",45,38,938,938,"2",14,3,2,0,1,26,-4,0,0,0,0,"1","3","0",-4,24,20,3,3,0
"44965","2",89,884,884,884,"2",15,4,1,0,10,22,1,1,0,0,0,"1","3","0",4,24,20,3,3,1
"44966","2",88,848,848,848,"2",15,4,2,0,9,22,1,0,0,0,0,"1","3","0",4,24,20,3,3,1
"44969","2",62,743,743,743,"2",15,4,1,0,10,22,2,1,0,0,0,"1","3","0",4,24,20,3,3,1
"44975","0",97,581,581,581,"2",16,4,3,0,12,3,5,1,0,1,1,"2","0","1",-4,30,20,3,3,0
"44979","0",66,530,530,530,"2",17,4,2,0,1,9,1,1,1,0,0,"0","0","0",-11,31,20,3,3,0
"44982","0",34,465,465,465,"2",18,4,1,0,10,34,1,0,0,0,0,"0","0","0",11,31,20,3,3,1
"44983","0",33,420,420,420,"2",18,4,2,0,9,34,6,0,0,0,0,"2","0","0",11,31,20,3,3,1
"44984","0",27,373,373,373,"2",18,4,3,0,3,34,7,1,0,1,1,"1","3","0",11,31,20,3,3,1
"44986","0",20,319,319,319,"2",18,4,2,0,10,34,2,1,0,0,0,"0","0","0",11,31,20,3,3,1
"44994","0",20,249,249,249,"2",20,4,1,0,10,7,7,0,0,0,0,"0","0","0",18,38,20,3,3,1
"44995","0",13,203,203,203,"2",20,4,2,0,3,7,1,0,0,0,0,"2","0","0",18,38,20,3,3,1
"44996","0",12,158,158,158,"2",20,4,3,0,2,7,2,0,0,0,0,"1","3","0",18,38,20,3,3,1
